DataHora,Satelite,Pais,Estado,Municipio,Bioma,DiaSemChuva,Precipitacao,RiscoFogo,Latitude,Longitude,FRP
2024/08/01 00:54:00,TERRA_M-M,Brasil,MARANHÃO,MATÕES,Cerrado,22,0.0,0.91,-5.57619,-43.25257,21.1
2024/08/01 15:50:00,NOAA-20,Brasil,MINAS GERAIS,OLHOS-D'ÁGUA,Cerrado,86,0.0,0.99,-17.80866,-43.76099,12.8
2024/08/02 00:47:08,METOP-C,Brasil,PIAUÍ,GUADALUPE,Cerrado,27,0.0,1.0,-6.9147,-43.5853,
2024/08/02 00:47:08,METOP-C,Brasil,PIAUÍ,GUADALUPE,Cerrado,26,0.0,1.0,-6.9171,-43.595402,
2024/08/01 00:05:38,GOES-16,Brasil,MARANHÃO,MATÕES,Cerrado,24,0.0,0.74,-5.5671,-43.2576,69.2
2024/08/01 00:05:38,GOES-16,Brasil,MARANHÃO,PARNARAMA,Cerrado,24,0.0,0.81,-5.5858,-43.2562,49.8
2024/08/01 00:05:38,GOES-16,Brasil,MARANHÃO,FORTUNA,Cerrado,67,0.0,0.98,-5.5984,-43.9517,50.9
2024/08/01 00:06:22,GOES-16,Brasil,GOIÁS,CAVALCANTE,Cerrado,64,0.0,1.0,-13.524,-47.6454,46.3
2024/08/01 00:06:50,GOES-16,Brasil,GOIÁS,CHAPADÃO DO CÉU,Cerrado,102,0.0,1.0,-18.5741,-52.44,90.1
2024/08/01 00:06:51,GOES-16,Brasil,MINAS GERAIS,ROMARIA,Cerrado,109,0.0,1.0,-18.9105,-47.5903,65.7
2024/08/01 00:06:51,GOES-16,Brasil,MINAS GERAIS,ROMARIA,Cerrado,109,0.0,1.0,-18.9307,-47.586,143.5
2024/08/01 00:06:51,GOES-16,Brasil,MINAS GERAIS,ROMARIA,Cerrado,109,0.0,1.0,-18.9313,-47.5627,65.5
2024/08/01 00:05:51,GOES-16,Brasil,TOCANTINS,CAMPOS LINDOS,Cerrado,78,0.0,1.0,-7.9889,-46.6738,47.0
2024/08/01 00:06:28,GOES-16,Brasil,MATO GROSSO,PLANALTO DA SERRA,Cerrado,96,0.0,1.0,-14.4211,-54.8602,116.6
2024/08/01 00:06:28,GOES-16,Brasil,MATO GROSSO,PLANALTO DA SERRA,Cerrado,96,0.0,1.0,-14.4214,-54.8395,85.1
2024/08/01 00:15:38,GOES-16,Brasil,MARANHÃO,PARNARAMA,Cerrado,24,0.0,0.81,-5.5858,-43.2562,54.5
2024/08/01 00:16:50,GOES-16,Brasil,GOIÁS,CHAPADÃO DO CÉU,Cerrado,102,0.0,1.0,-18.5741,-52.44,73.8
2024/08/01 00:16:51,GOES-16,Brasil,MINAS GERAIS,ROMARIA,Cerrado,109,0.0,1.0,-18.9105,-47.5903,63.8
2024/08/01 00:16:51,GOES-16,Brasil,MINAS GERAIS,ROMARIA,Cerrado,109,0.0,1.0,-18.9307,-47.586,148.1
2024/08/01 00:16:51,GOES-16,Brasil,MINAS GERAIS,ROMARIA,Cerrado,109,0.0,1.0,-18.9313,-47.5627,70.4
2024/08/01 00:16:28,GOES-16,Brasil,MATO GROSSO,PLANALTO DA SERRA,Cerrado,96,0.0,1.0,-14.4211,-54.8602,116.6
2024/08/01 00:16:28,GOES-16,Brasil,MATO GROSSO,PLANALTO DA SERRA,Cerrado,96,0.0,1.0,-14.4214,-54.8395,77.2
2024/08/01 00:25:38,GOES-16,Brasil,MARANHÃO,PARNARAMA,Cerrado,24,0.0,0.81,-5.5858,-43.2562,49.7
2024/08/01 00:26:50,GOES-16,Brasil,GOIÁS,CHAPADÃO DO CÉU,Cerrado,102,0.0,1.0,-18.5741,-52.44,65.6
2024/08/01 00:26:51,GOES-16,Brasil,MINAS GERAIS,ROMARIA,Cerrado,109,0.0,1.0,-18.9105,-47.5903,86.4
2024/08/01 00:26:51,GOES-16,Brasil,MINAS GERAIS,ROMARIA,Cerrado,109,0.0,1.0,-18.9307,-47.586,111.7
2024/08/01 00:25:51,GOES-16,Brasil,TOCANTINS,CAMPOS LINDOS,Cerrado,78,0.0,1.0,-7.9889,-46.6738,63.6
2024/08/01 00:26:28,GOES-16,Brasil,MATO GROSSO,PLANALTO DA SERRA,Cerrado,96,0.0,1.0,-14.4211,-54.8602,116.8
2024/08/01 00:36:50,GOES-16,Brasil,GOIÁS,CHAPADÃO DO CÉU,Cerrado,102,0.0,1.0,-18.5741,-52.44,68.6
2024/08/01 00:36:51,GOES-16,Brasil,MINAS GERAIS,ROMARIA,Cerrado,109,0.0,1.0,-18.9307,-47.586,122.2
2024/08/01 00:36:51,GOES-16,Brasil,MINAS GERAIS,ROMARIA,Cerrado,109,0.0,1.0,-18.9313,-47.5627,57.5
2024/08/01 00:35:51,GOES-16,Brasil,TOCANTINS,CAMPOS LINDOS,Cerrado,78,0.0,1.0,-7.9889,-46.6738,44.1
2024/08/01 00:36:28,GOES-16,Brasil,MATO GROSSO,PLANALTO DA SERRA,Cerrado,96,0.0,1.0,-14.4211,-54.8602,84.1
2024/08/01 00:36:28,GOES-16,Brasil,MATO GROSSO,PLANALTO DA SERRA,Cerrado,95,0.0,1.0,-14.4404,-54.858,61.7
2024/08/01 00:46:30,GOES-16,Brasil,GOIÁS,SÃO LUIZ DO NORTE,Cerrado,64,0.0,1.0,-14.8469,-49.2641,50.5
2024/08/01 00:46:50,GOES-16,Brasil,GOIÁS,CHAPADÃO DO CÉU,Cerrado,102,0.0,1.0,-18.5741,-52.44,58.8
2024/08/01 00:46:51,GOES-16,Brasil,MINAS GERAIS,ROMARIA,Cerrado,109,0.0,1.0,-18.9105,-47.5903,65.4
2024/08/01 00:46:51,GOES-16,Brasil,MINAS GERAIS,ROMARIA,Cerrado,109,0.0,1.0,-18.9307,-47.586,89.4
2024/08/01 00:46:28,GOES-16,Brasil,MATO GROSSO,PLANALTO DA SERRA,Cerrado,96,0.0,1.0,-14.4211,-54.8602,97.7
2024/08/01 00:55:58,GOES-16,Brasil,PIAUÍ,BAIXA GRANDE DO RIBEIRO,Cerrado,29,0.0,1.0,-9.1372,-45.2722,75.4
2024/08/01 00:56:51,GOES-16,Brasil,MINAS GERAIS,ROMARIA,Cerrado,109,0.0,1.0,-18.9307,-47.586,89.4
2024/08/01 00:55:51,GOES-16,Brasil,TOCANTINS,CAMPOS LINDOS,Cerrado,78,0.0,1.0,-7.9889,-46.6738,54.5
2024/08/01 00:56:28,GOES-16,Brasil,MATO GROSSO,PLANALTO DA SERRA,Cerrado,96,0.0,1.0,-14.4211,-54.8602,116.8
2024/08/01 00:56:28,GOES-16,Brasil,MATO GROSSO,PLANALTO DA SERRA,Cerrado,95,0.0,1.0,-14.4404,-54.858,65.5
2024/08/01 01:05:58,GOES-16,Brasil,PIAUÍ,BAIXA GRANDE DO RIBEIRO,Cerrado,29,0.0,1.0,-9.1372,-45.2722,50.4
2024/08/01 01:06:51,GOES-16,Brasil,MINAS GERAIS,ROMARIA,Cerrado,109,0.0,1.0,-18.9307,-47.586,82.2
2024/08/01 01:06:28,GOES-16,Brasil,MATO GROSSO,PLANALTO DA SERRA,Cerrado,96,0.0,1.0,-14.4211,-54.8602,90.9
2024/08/01 01:06:28,GOES-16,Brasil,MATO GROSSO,PLANALTO DA SERRA,Cerrado,95,0.0,1.0,-14.4404,-54.858,58.7
2024/08/01 01:15:58,GOES-16,Brasil,PIAUÍ,BAIXA GRANDE DO RIBEIRO,Cerrado,29,0.0,1.0,-9.1372,-45.2722,88.9
2024/08/01 01:16:51,GOES-16,Brasil,MINAS GERAIS,ROMARIA,Cerrado,109,0.0,1.0,-18.9307,-47.586,61.4
2024/08/01 01:16:28,GOES-16,Brasil,MATO GROSSO,PLANALTO DA SERRA,Cerrado,98,0.0,1.0,-14.4018,-54.8624,90.1
2024/08/01 01:16:28,GOES-16,Brasil,MATO GROSSO,PLANALTO DA SERRA,Cerrado,97,0.0,1.0,-14.4021,-54.8417,123.2
2024/08/01 01:16:28,GOES-16,Brasil,MATO GROSSO,PLANALTO DA SERRA,Cerrado,96,0.0,1.0,-14.4211,-54.8602,281.6
2024/08/01 01:16:28,GOES-16,Brasil,MATO GROSSO,PLANALTO DA SERRA,Cerrado,96,0.0,1.0,-14.4214,-54.8395,212.5
2024/08/01 01:16:28,GOES-16,Brasil,MATO GROSSO,PLANALTO DA SERRA,Cerrado,95,0.0,1.0,-14.4404,-54.858,177.6
2024/08/01 01:16:28,GOES-16,Brasil,MATO GROSSO,PLANALTO DA SERRA,Cerrado,94,0.0,1.0,-14.4407,-54.8373,85.1
2024/08/01 00:11:00,METOP-B,Brasil,SÃO PAULO,IPUÃ,Cerrado,75,0.0,1.0,-20.405701,-48.0658,
2024/08/01 00:11:00,METOP-B,Brasil,SÃO PAULO,IPUÃ,Cerrado,68,0.0,1.0,-20.396,-48.0676,
2024/08/01 00:11:50,METOP-B,Brasil,MINAS GERAIS,MONTES CLAROS,Cerrado,118,0.0,1.0,-16.643999,-44.017101,
2024/08/01 00:13:53,METOP-B,Brasil,PIAUÍ,BOM JESUS,Cerrado,88,0.0,1.0,-9.223,-44.907501,
2024/08/01 00:14:21,METOP-B,Brasil,PIAUÍ,JERUMENHA,Cerrado,21,0.0,1.0,-7.2375,-43.633999,
2024/08/01 00:13:57,METOP-B,Brasil,MARANHÃO,BALSAS,Cerrado,96,0.0,1.0,-9.3725,-46.6618,
2024/08/01 00:14:03,METOP-B,Brasil,TOCANTINS,PEDRO AFONSO,Cerrado,65,0.0,1.0,-9.2146,-47.7575,
2024/08/01 00:14:20,METOP-B,Brasil,MARANHÃO,BALSAS,Cerrado,95,0.0,1.0,-7.8573,-46.087299,
2024/08/01 00:14:38,METOP-B,Brasil,MARANHÃO,SUCUPIRA DO NORTE,Cerrado,31,0.0,1.0,-6.35,-44.270802,
2024/08/01 00:14:38,METOP-B,Brasil,MARANHÃO,MIRADOR,Cerrado,34,0.0,1.0,-6.3516,-44.278,
2024/08/01 00:14:38,METOP-B,Brasil,MARANHÃO,MIRADOR,Cerrado,31,0.0,1.0,-6.3402,-44.272999,
2024/08/01 00:14:54,METOP-B,Brasil,MARANHÃO,BARRA DO CORDA,Cerrado,21,0.0,0.82,-5.4897,-45.0298,
2024/08/01 00:15:06,METOP-B,Brasil,MARANHÃO,CODÓ,Cerrado,43,0.0,0.85,-4.4762,-43.763199,
2024/08/01 00:15:06,METOP-B,Brasil,MARANHÃO,CODÓ,Cerrado,41,0.0,0.56,-4.4777,-43.7701,
2024/08/01 00:15:20,METOP-B,Brasil,MARANHÃO,ANAPURUS,Cerrado,23,0.0,0.75,-3.4857,-43.071301,
2024/08/01 00:10:56,METOP-B,Brasil,MINAS GERAIS,DELFINÓPOLIS,Cerrado,74,0.0,1.0,-20.378599,-46.5126,
2024/08/01 00:10:56,METOP-B,Brasil,MINAS GERAIS,DELFINÓPOLIS,Cerrado,77,0.0,1.0,-20.381201,-46.527,
2024/08/01 00:11:01,METOP-B,Brasil,SÃO PAULO,BARRETOS,Cerrado,108,0.0,1.0,-20.4566,-48.731602,
2024/08/01 00:11:01,METOP-B,Brasil,SÃO PAULO,BARRETOS,Cerrado,106,0.0,1.0,-20.4599,-48.7519,
2024/08/01 00:11:01,METOP-B,Brasil,SÃO PAULO,BARRETOS,Cerrado,104,0.0,1.0,-20.450199,-48.7537,
2024/08/01 00:11:23,METOP-B,Brasil,MINAS GERAIS,ROMARIA,Cerrado,107,0.0,1.0,-18.929001,-47.548199,
2024/08/01 00:11:23,METOP-B,Brasil,MINAS GERAIS,ROMARIA,Cerrado,109,0.0,1.0,-18.931801,-47.564301,
2024/08/01 00:11:23,METOP-B,Brasil,MINAS GERAIS,ROMARIA,Cerrado,109,0.0,1.0,-18.9347,-47.580399,
2024/08/01 00:11:23,METOP-B,Brasil,MINAS GERAIS,ROMARIA,Cerrado,108,0.0,1.0,-18.919201,-47.550098,
2024/08/01 00:11:42,METOP-B,Brasil,GOIÁS,CHAPADÃO DO CÉU,Cerrado,72,0.0,1.0,-18.570299,-52.359901,
2024/08/01 00:11:42,METOP-B,Brasil,GOIÁS,CHAPADÃO DO CÉU,Cerrado,84,0.0,1.0,-18.5755,-52.3932,
2024/08/01 00:12:19,METOP-B,Brasil,MINAS GERAIS,CÔNEGO MARINHO,Cerrado,57,0.0,1.0,-14.9305,-44.5835,
2024/08/01 00:12:19,METOP-B,Brasil,MINAS GERAIS,CÔNEGO MARINHO,Cerrado,57,0.0,1.0,-14.9324,-44.592701,
2024/08/01 00:12:20,METOP-B,Brasil,MINAS GERAIS,CÔNEGO MARINHO,Cerrado,57,0.0,1.0,-14.9222,-44.6427,
2024/08/01 00:12:24,METOP-B,Brasil,BAHIA,MALHADA,Cerrado,58,0.0,1.0,-14.5201,-43.834801,
2024/08/01 00:12:52,METOP-B,Brasil,GOIÁS,CAVALCANTE,Cerrado,64,0.0,1.0,-13.5333,-47.6255,
2024/08/01 00:12:52,METOP-B,Brasil,GOIÁS,CAVALCANTE,Cerrado,64,0.0,1.0,-13.5359,-47.638802,
2024/08/01 00:14:29,METOP-B,Brasil,PIAUÍ,PORTO ALEGRE DO PIAUÍ,Cerrado,20,0.0,1.0,-6.8361,-44.050598,
2024/08/01 00:14:35,METOP-B,Brasil,MARANHÃO,SÃO JOÃO DOS PATOS,Cerrado,43,0.0,1.0,-6.3939,-43.820599,
2024/08/01 00:14:38,METOP-B,Brasil,MARANHÃO,LAGOA DO MATO,Cerrado,26,0.0,1.0,-6.1471,-43.5453,
2024/08/01 00:14:38,METOP-B,Brasil,MARANHÃO,PASSAGEM FRANCA,Cerrado,26,0.0,1.0,-6.1487,-43.5522,
2024/08/01 00:14:39,METOP-B,Brasil,MARANHÃO,PASSAGEM FRANCA,Cerrado,31,0.0,1.0,-6.1373,-43.547501,
2024/08/01 00:14:39,METOP-B,Brasil,MARANHÃO,PASSAGEM FRANCA,Cerrado,30,0.0,1.0,-6.1389,-43.554401,
2024/08/01 00:14:39,METOP-B,Brasil,MARANHÃO,PASSAGEM FRANCA,Cerrado,32,0.0,1.0,-6.1337,-43.577301,
2024/08/01 00:14:47,METOP-B,Brasil,MARANHÃO,MATÕES,Cerrado,21,0.0,0.84,-5.5752,-43.245098,
2024/08/01 00:14:47,METOP-B,Brasil,MARANHÃO,MATÕES,Cerrado,22,0.0,0.93,-5.5767,-43.2519,
2024/08/01 00:14:47,METOP-B,Brasil,MARANHÃO,MATÕES,Cerrado,25,0.0,0.7,-5.5783,-43.258801,
2024/08/01 00:14:47,METOP-B,Brasil,MARANHÃO,PARNARAMA,Cerrado,64,0.0,0.96,-5.6276,-43.616699,
2024/08/01 00:14:47,METOP-B,Brasil,MARANHÃO,BURITI BRAVO,Cerrado,67,0.0,1.0,-5.6365,-43.702202,
2024/08/01 00:14:49,METOP-B,Brasil,MARANHÃO,FORTUNA,Cerrado,67,0.0,1.0,-5.5981,-43.944901,
2024/08/01 00:14:49,METOP-B,Brasil,MARANHÃO,FORTUNA,Cerrado,66,0.0,0.97,-5.5997,-43.9519,
2024/08/01 00:14:49,METOP-B,Brasil,MARANHÃO,MATÕES,Cerrado,22,0.0,0.65,-5.4517,-43.337299,
2024/08/01 00:14:49,METOP-B,Brasil,MARANHÃO,MATÕES,Cerrado,22,0.0,0.68,-5.4533,-43.3442,
2024/08/01 00:14:49,METOP-B,Brasil,MARANHÃO,PARNARAMA,Cerrado,43,0.0,0.7,-5.4965,-43.6749,
2024/08/01 00:14:49,METOP-B,Brasil,MARANHÃO,PARNARAMA,Cerrado,44,0.0,0.7,-5.4981,-43.681801,
2024/08/01 00:14:49,METOP-B,Brasil,MARANHÃO,PARNARAMA,Cerrado,45,0.0,0.7,-5.4996,-43.688702,
2024/08/01 00:14:49,METOP-B,Brasil,MARANHÃO,PARNARAMA,Cerrado,46,0.0,0.71,-5.5012,-43.695702,
2024/08/01 00:14:53,METOP-B,Brasil,MARANHÃO,TIMON,Cerrado,67,0.0,0.98,-5.1525,-43.1521,
2024/08/01 00:14:53,METOP-B,Brasil,MARANHÃO,TIMON,Cerrado,67,0.0,0.97,-5.1541,-43.158901,
2024/08/01 00:14:57,METOP-B,Brasil,MARANHÃO,SÃO JOÃO DO SOTER,Cerrado,23,0.0,0.62,-5.023,-43.584202,
2024/08/01 00:14:57,METOP-B,Brasil,MARANHÃO,SÃO JOÃO DO SOTER,Cerrado,23,0.0,0.6,-5.0245,-43.591,
2024/08/01 00:15:01,METOP-B,Brasil,MARANHÃO,CAXIAS,Cerrado,25,0.0,0.48,-4.6503,-43.163399,
2024/08/01 00:15:01,METOP-B,Brasil,MARANHÃO,CAXIAS,Cerrado,25,0.0,0.49,-4.6518,-43.1702,
2024/08/01 00:15:01,METOP-B,Brasil,MARANHÃO,CAXIAS,Cerrado,25,0.0,0.49,-4.6533,-43.176998,
2024/08/01 00:15:02,METOP-B,Brasil,MARANHÃO,ALDEIAS ALTAS,Cerrado,25,0.0,0.47,-4.6058,-43.194801,
2024/08/01 00:15:03,METOP-B,Brasil,MARANHÃO,ALDEIAS ALTAS,Cerrado,25,0.0,0.46,-4.5479,-43.257801,
2024/08/01 00:15:03,METOP-B,Brasil,MARANHÃO,ALDEIAS ALTAS,Cerrado,25,0.0,0.46,-4.5494,-43.264702,
2024/08/01 00:15:03,METOP-B,Brasil,MARANHÃO,CODÓ,Cerrado,25,0.0,0.47,-4.6584,-43.7952,
2024/08/01 00:15:06,METOP-B,Brasil,MARANHÃO,ALDEIAS ALTAS,Cerrado,24,0.0,0.35,-4.3507,-43.251499,
2024/08/01 00:15:23,METOP-B,Brasil,MARANHÃO,URBANO SANTOS,Cerrado,23,0.0,0.32,-3.3073,-43.239899,
2024/08/01 00:13:07,METOP-B,Brasil,TOCANTINS,TAGUATINGA,Cerrado,70,0.0,1.0,-12.4619,-46.641998,
2024/08/01 00:13:07,METOP-B,Brasil,TOCANTINS,TAGUATINGA,Cerrado,70,0.0,1.0,-12.4521,-46.6441,
2024/08/01 00:14:10,METOP-B,Brasil,MARANHÃO,BALSAS,Cerrado,95,0.0,1.0,-8.5154,-46.288601,
2024/08/01 00:14:10,METOP-B,Brasil,MARANHÃO,BALSAS,Cerrado,95,0.0,1.0,-8.5036,-46.281502,
2024/08/01 00:14:10,METOP-B,Brasil,MARANHÃO,BALSAS,Cerrado,95,0.0,1.0,-8.5056,-46.290699,
2024/08/01 00:14:11,METOP-B,Brasil,TOCANTINS,ARAGUACEMA,Cerrado,78,0.0,1.0,-9.1073,-49.502701,
2024/08/01 00:15:07,METOP-B,Brasil,MARANHÃO,CODÓ,Cerrado,25,0.0,0.41,-4.3411,-43.483299,
2024/08/01 00:15:07,METOP-B,Brasil,MARANHÃO,CODÓ,Cerrado,25,0.0,0.43,-4.3426,-43.490101,
2024/08/01 00:15:08,METOP-B,Brasil,MARANHÃO,CODÓ,Cerrado,25,0.0,0.41,-4.3313,-43.4855,
2024/08/01 00:15:08,METOP-B,Brasil,MARANHÃO,CODÓ,Cerrado,25,0.0,0.5,-4.3328,-43.492298,
2024/08/01 00:11:23,METOP-B,Brasil,MINAS GERAIS,ROMARIA,Cerrado,109,0.0,1.0,-18.9221,-47.5662,
2024/08/01 00:11:23,METOP-B,Brasil,MINAS GERAIS,ROMARIA,Cerrado,109,0.0,1.0,-18.9249,-47.582298,
2024/08/01 00:11:41,METOP-B,Brasil,MINAS GERAIS,LAGOA GRANDE,Cerrado,99,0.0,1.0,-17.6269,-46.394001,
2024/08/01 00:11:41,METOP-B,Brasil,MINAS GERAIS,LAGOA GRANDE,Cerrado,101,0.0,1.0,-17.629299,-46.406898,
2024/08/01 00:11:42,METOP-B,Brasil,GOIÁS,CHAPADÃO DO CÉU,Cerrado,72,0.0,1.0,-18.58,-52.358299,
2024/08/01 00:11:42,METOP-B,Brasil,GOIÁS,CHAPADÃO DO CÉU,Cerrado,84,0.0,1.0,-18.5851,-52.391701,
2024/08/01 00:12:52,METOP-B,Brasil,GOIÁS,CAVALCANTE,Cerrado,64,0.0,1.0,-13.5235,-47.627499,
2024/08/01 00:12:52,METOP-B,Brasil,GOIÁS,CAVALCANTE,Cerrado,64,0.0,1.0,-13.5261,-47.6408,
2024/08/01 00:13:47,METOP-B,Brasil,PIAUÍ,GILBUÉS,Cerrado,95,0.0,1.0,-9.7352,-45.3815,
2024/08/01 00:13:47,METOP-B,Brasil,PIAUÍ,GILBUÉS,Cerrado,95,0.0,1.0,-9.7371,-45.390099,
2024/08/01 00:13:48,METOP-B,Brasil,PIAUÍ,REDENÇÃO DO GURGUÉIA,Cerrado,88,0.0,1.0,-9.5043,-44.737099,
2024/08/01 00:13:48,METOP-B,Brasil,PIAUÍ,REDENÇÃO DO GURGUÉIA,Cerrado,88,0.0,1.0,-9.5061,-44.745098,
2024/08/01 00:13:56,METOP-B,Brasil,PIAUÍ,BAIXA GRANDE DO RIBEIRO,Cerrado,30,0.0,1.0,-9.1514,-45.241001,
2024/08/01 00:13:56,METOP-B,Brasil,PIAUÍ,BAIXA GRANDE DO RIBEIRO,Cerrado,30,0.0,1.0,-9.1354,-45.262001,
2024/08/01 00:14:22,METOP-B,Brasil,PIAUÍ,LANDRI SALES,Cerrado,21,0.0,1.0,-7.1986,-43.7836,
2024/08/01 00:14:22,METOP-B,Brasil,PIAUÍ,LANDRI SALES,Cerrado,21,0.0,1.0,-7.2002,-43.790699,
2024/08/01 00:14:57,METOP-B,Brasil,MARANHÃO,SÃO JOÃO DO SOTER,Cerrado,23,0.0,0.99,-5.0147,-43.593201,
2024/08/01 00:15:12,METOP-B,Brasil,MARANHÃO,CHAPADINHA,Cerrado,0,0.0,0.48,-4.0281,-43.237301,
2024/08/01 00:15:12,METOP-B,Brasil,MARANHÃO,CHAPADINHA,Cerrado,0,0.0,0.48,-4.0296,-43.244099,
2024/08/01 00:15:12,METOP-B,Brasil,MARANHÃO,CHAPADINHA,Cerrado,0,0.0,0.48,-4.0198,-43.246201,
2024/08/01 00:15:12,METOP-B,Brasil,MARANHÃO,CHAPADINHA,Cerrado,0,0.0,0.4,-4.0214,-43.252998,
2024/08/01 00:15:17,METOP-B,Brasil,MARANHÃO,BREJO,Cerrado,0,0.0,0.55,-3.6489,-42.927299,
2024/08/01 00:15:20,METOP-B,Brasil,MARANHÃO,ANAPURUS,Cerrado,23,0.0,0.95,-3.4826,-43.057701,
2024/08/01 00:15:20,METOP-B,Brasil,MARANHÃO,ANAPURUS,Cerrado,23,0.0,0.9,-3.4842,-43.064499,
2024/08/01 00:14:11,METOP-B,Brasil,TOCANTINS,ITACAJÁ,Cerrado,66,0.0,1.0,-8.738,-47.820599,
2024/08/01 00:14:12,METOP-B,Brasil,TOCANTINS,ITACAJÁ,Cerrado,69,0.0,1.0,-8.7282,-47.822601,
2024/08/01 00:14:13,METOP-B,Brasil,MARANHÃO,BALSAS,Cerrado,92,0.0,1.0,-8.2821,-46.155998,
2024/08/01 00:14:20,METOP-B,Brasil,TOCANTINS,CAMPOS LINDOS,Cerrado,76,0.0,1.0,-7.9882,-46.648201,
2024/08/01 00:14:20,METOP-B,Brasil,TOCANTINS,CAMPOS LINDOS,Cerrado,77,0.0,1.0,-7.9902,-46.657799,
2024/08/01 00:14:20,METOP-B,Brasil,TOCANTINS,CAMPOS LINDOS,Cerrado,78,0.0,1.0,-7.9923,-46.6674,
2024/08/01 00:14:24,METOP-B,Brasil,MARANHÃO,SÃO FÉLIX DE BALSAS,Cerrado,38,0.0,1.0,-7.3579,-44.9245,
2024/08/01 00:14:26,METOP-B,Brasil,MARANHÃO,RIACHÃO,Cerrado,78,0.0,1.0,-7.5734,-46.529099,
2024/08/01 00:14:29,METOP-B,Brasil,MARANHÃO,SÃO FÉLIX DE BALSAS,Cerrado,85,0.0,1.0,-7.0398,-44.833099,
2024/08/01 00:14:29,METOP-B,Brasil,MARANHÃO,SÃO FÉLIX DE BALSAS,Cerrado,84,0.0,1.0,-7.03,-44.8353,
2024/08/01 00:14:30,METOP-B,Brasil,MARANHÃO,SÃO RAIMUNDO DAS MANGABEIRAS,Cerrado,25,0.0,1.0,-7.191,-45.805199,
2024/08/01 00:14:30,METOP-B,Brasil,MARANHÃO,SÃO RAIMUNDO DAS MANGABEIRAS,Cerrado,25,0.0,1.0,-7.1928,-45.813599,
2024/08/01 00:14:32,METOP-B,Brasil,MARANHÃO,FORTALEZA DOS NOGUEIRAS,Cerrado,75,0.0,1.0,-7.0755,-45.981602,
2024/08/01 00:14:33,METOP-B,Brasil,MARANHÃO,FORTALEZA DOS NOGUEIRAS,Cerrado,75,0.0,1.0,-7.0284,-46.000801,
2024/08/01 00:14:34,METOP-B,Brasil,MARANHÃO,MIRADOR,Cerrado,25,0.0,1.0,-6.6237,-44.578098,
2024/08/01 00:14:34,METOP-B,Brasil,MARANHÃO,MIRADOR,Cerrado,26,0.0,1.0,-6.6254,-44.585499,
2024/08/01 00:14:35,METOP-B,Brasil,MARANHÃO,MIRADOR,Cerrado,23,0.0,1.0,-6.6469,-44.729099,
2024/08/01 00:14:35,METOP-B,Brasil,MARANHÃO,MIRADOR,Cerrado,32,0.0,1.0,-6.6321,-44.7089,
2024/08/01 00:14:35,METOP-B,Brasil,MARANHÃO,MIRADOR,Cerrado,31,0.0,1.0,-6.6338,-44.716301,
2024/08/01 00:14:35,METOP-B,Brasil,MARANHÃO,MIRADOR,Cerrado,30,0.0,1.0,-6.6354,-44.723801,
2024/08/01 00:14:35,METOP-B,Brasil,MARANHÃO,MIRADOR,Cerrado,28,0.0,1.0,-6.6371,-44.7313,
2024/08/01 00:14:35,METOP-B,Brasil,MARANHÃO,MIRADOR,Cerrado,38,0.0,1.0,-6.6223,-44.710999,
2024/08/01 00:14:35,METOP-B,Brasil,MARANHÃO,MIRADOR,Cerrado,37,0.0,1.0,-6.6239,-44.718399,
2024/08/01 00:14:35,METOP-B,Brasil,MARANHÃO,MIRADOR,Cerrado,45,0.0,1.0,-6.5911,-44.616402,
2024/08/01 00:14:38,METOP-B,Brasil,MARANHÃO,MIRADOR,Cerrado,33,0.0,1.0,-6.3737,-44.5172,
2024/08/01 00:14:38,METOP-B,Brasil,MARANHÃO,MIRADOR,Cerrado,34,0.0,1.0,-6.3753,-44.524502,
2024/08/01 00:14:39,METOP-B,Brasil,MARANHÃO,COLINAS,Cerrado,21,0.0,1.0,-6.2624,-44.154701,
2024/08/01 00:14:45,METOP-B,Brasil,MARANHÃO,COLINAS,Cerrado,72,0.0,1.0,-5.8744,-44.076,
2024/08/01 00:14:48,METOP-B,Brasil,MARANHÃO,GRAJAÚ,Cerrado,24,0.0,1.0,-6.1086,-45.925701,
2024/08/01 00:14:48,METOP-B,Brasil,MARANHÃO,GRAJAÚ,Cerrado,24,0.0,1.0,-6.1104,-45.933998,
2024/08/01 00:14:48,METOP-B,Brasil,MARANHÃO,GRAJAÚ,Cerrado,24,0.0,1.0,-6.1122,-45.942299,
2024/08/01 00:14:49,METOP-B,Brasil,MARANHÃO,TUNTUM,Cerrado,73,0.0,0.99,-5.73,-44.490601,
2024/08/01 00:14:49,METOP-B,Brasil,MARANHÃO,TUNTUM,Cerrado,73,0.0,0.87,-5.7316,-44.497799,
2024/08/01 00:14:49,METOP-B,Brasil,MARANHÃO,TUNTUM,Cerrado,73,0.0,0.84,-5.7332,-44.5051,
2024/08/01 00:14:50,METOP-B,Brasil,MARANHÃO,TUNTUM,Cerrado,62,0.0,0.86,-5.7165,-44.8004,
2024/08/01 00:14:50,METOP-B,Brasil,MARANHÃO,TUNTUM,Cerrado,61,0.0,0.86,-5.7182,-44.8078,
2024/08/01 00:14:52,METOP-B,Brasil,MARANHÃO,GOVERNADOR EUGÊNIO BARROS,Cerrado,53,0.0,0.74,-5.4121,-44.126202,
2024/08/01 00:14:54,METOP-B,Brasil,MARANHÃO,GRAJAÚ,Cerrado,24,0.0,0.98,-5.6403,-45.711201,
2024/08/01 00:14:54,METOP-B,Brasil,MARANHÃO,GRAJAÚ,Cerrado,24,0.0,0.99,-5.6421,-45.7192,
2024/08/01 00:14:54,METOP-B,Brasil,MARANHÃO,GRAJAÚ,Cerrado,24,0.0,0.99,-5.6439,-45.727299,
2024/08/01 00:14:56,METOP-B,Brasil,MARANHÃO,GRAJAÚ,Cerrado,21,0.0,0.95,-5.5529,-45.7808,
2024/08/01 00:14:56,METOP-B,Brasil,MARANHÃO,GRAJAÚ,Cerrado,21,0.0,0.99,-5.5547,-45.788799,
2024/08/01 00:14:59,METOP-B,Brasil,MARANHÃO,BARRA DO CORDA,Cerrado,21,0.0,0.83,-5.3106,-45.4282,
2024/08/01 00:14:59,METOP-B,Brasil,MARANHÃO,BARRA DO CORDA,Cerrado,21,0.0,0.83,-5.3123,-45.436001,
2024/08/01 00:15:04,METOP-B,Brasil,MARANHÃO,JOÃO LISBOA,Cerrado,33,0.0,1.0,-5.4389,-47.366299,
2024/08/01 00:15:04,METOP-B,Brasil,MARANHÃO,JOÃO LISBOA,Cerrado,35,0.0,1.0,-5.4269,-47.358601,
2024/08/01 01:26:51,GOES-16,Brasil,MINAS GERAIS,ROMARIA,Cerrado,109,0.0,1.0,-18.9307,-47.586,63.5
2024/08/01 01:26:28,GOES-16,Brasil,MATO GROSSO,PLANALTO DA SERRA,Cerrado,97,0.0,1.0,-14.4021,-54.8417,55.8
2024/08/01 01:26:28,GOES-16,Brasil,MATO GROSSO,PLANALTO DA SERRA,Cerrado,96,0.0,1.0,-14.4211,-54.8602,167.3
2024/08/01 01:26:28,GOES-16,Brasil,MATO GROSSO,PLANALTO DA SERRA,Cerrado,96,0.0,1.0,-14.4214,-54.8395,95.8
2024/08/01 01:26:28,GOES-16,Brasil,MATO GROSSO,PLANALTO DA SERRA,Cerrado,95,0.0,1.0,-14.4404,-54.858,85.6
2024/08/01 01:04:47,METOP-C,Brasil,MINAS GERAIS,ROMARIA,Cerrado,109,0.0,1.0,-18.9261,-47.589401,
2024/08/01 01:04:47,METOP-C,Brasil,MINAS GERAIS,ROMARIA,Cerrado,109,0.0,1.0,-18.924101,-47.580799,
2024/08/01 01:04:48,METOP-C,Brasil,MINAS GERAIS,ROMARIA,Cerrado,109,0.0,1.0,-18.914301,-47.583401,
2024/08/01 01:04:20,METOP-C,Brasil,MINAS GERAIS,DELFINÓPOLIS,Cerrado,73,0.0,1.0,-20.3699,-46.5303,
2024/08/01 01:05:04,METOP-C,Brasil,MINAS GERAIS,LAGOA GRANDE,Cerrado,103,0.0,1.0,-17.621,-46.408001,
2024/08/01 01:05:04,METOP-C,Brasil,MINAS GERAIS,LAGOA GRANDE,Cerrado,105,0.0,1.0,-17.623501,-46.418201,
2024/08/01 01:04:48,METOP-C,Brasil,MINAS GERAIS,ROMARIA,Cerrado,109,0.0,1.0,-18.9163,-47.591999,
2024/08/01 01:04:22,METOP-C,Brasil,MINAS GERAIS,DELFINÓPOLIS,Cerrado,81,0.0,1.0,-20.304001,-46.6856,
2024/08/01 01:04:22,METOP-C,Brasil,MINAS GERAIS,DELFINÓPOLIS,Cerrado,80,0.0,1.0,-20.306299,-46.694698,
2024/08/01 01:04:26,METOP-C,Brasil,SÃO PAULO,IPUÃ,Cerrado,66,0.0,1.0,-20.3934,-48.097301,
2024/08/01 01:04:26,METOP-C,Brasil,SÃO PAULO,IPUÃ,Cerrado,67,0.0,1.0,-20.395201,-48.105301,
2024/08/01 01:03:32,METOP-C,Brasil,SÃO PAULO,ITAPEVA,Cerrado,2,0.0,0.96,-23.8979,-48.771198,
2024/08/01 01:03:32,METOP-C,Brasil,SÃO PAULO,ITAPEVA,Cerrado,2,0.0,0.82,-23.899599,-48.778801,
2024/08/01 01:04:09,METOP-C,Brasil,SÃO PAULO,TAQUARITINGA,Cerrado,31,0.0,1.0,-21.5117,-48.5014,
2024/08/01 01:05:24,METOP-C,Brasil,GOIÁS,MINEIROS,Cerrado,109,0.0,1.0,-17.790899,-52.679798,
2024/08/01 01:05:24,METOP-C,Brasil,GOIÁS,MINEIROS,Cerrado,109,0.0,1.0,-17.7925,-52.687302,
2024/08/01 01:05:11,METOP-C,Brasil,GOIÁS,CHAPADÃO DO CÉU,Cerrado,100,0.0,1.0,-18.5807,-52.434601,
2024/08/01 01:05:11,METOP-C,Brasil,GOIÁS,CHAPADÃO DO CÉU,Cerrado,103,0.0,1.0,-18.5823,-52.4422,
2024/08/01 01:05:11,METOP-C,Brasil,GOIÁS,CHAPADÃO DO CÉU,Cerrado,101,0.0,1.0,-18.5709,-52.436798,
2024/08/01 01:05:11,METOP-C,Brasil,GOIÁS,CHAPADÃO DO CÉU,Cerrado,103,0.0,1.0,-18.5725,-52.444401,
2024/08/01 01:05:40,METOP-C,Brasil,MINAS GERAIS,CÔNEGO MARINHO,Cerrado,57,0.0,1.0,-14.9223,-44.6068,
2024/08/01 01:07:16,METOP-C,Brasil,PIAUÍ,BAIXA GRANDE DO RIBEIRO,Cerrado,32,0.0,1.0,-9.1324,-45.262901,
2024/08/01 01:07:16,METOP-C,Brasil,PIAUÍ,BAIXA GRANDE DO RIBEIRO,Cerrado,30,0.0,1.0,-9.1364,-45.2789,
2024/08/01 01:07:16,METOP-C,Brasil,PIAUÍ,BAIXA GRANDE DO RIBEIRO,Cerrado,39,0.0,1.0,-9.1227,-45.265301,
2024/08/01 01:07:16,METOP-C,Brasil,PIAUÍ,BAIXA GRANDE DO RIBEIRO,Cerrado,37,0.0,1.0,-9.1267,-45.2813,
2024/08/01 01:06:15,METOP-C,Brasil,GOIÁS,CAVALCANTE,Cerrado,64,0.0,1.0,-13.5216,-47.6455,
2024/08/01 01:05:59,METOP-C,Brasil,GOIÁS,SÃO LUIZ DO NORTE,Cerrado,61,0.0,1.0,-14.8506,-49.254002,
2024/08/01 01:05:59,METOP-C,Brasil,GOIÁS,SÃO LUIZ DO NORTE,Cerrado,64,0.0,1.0,-14.8525,-49.261902,
2024/08/01 01:06:11,METOP-C,Brasil,GOIÁS,CAMPINAÇU,Cerrado,41,0.0,1.0,-13.9999,-48.722599,
2024/08/01 01:05:35,METOP-C,Brasil,GOIÁS,ANÁPOLIS,Cerrado,111,0.0,1.0,-16.326401,-49.020199,
2024/08/01 01:05:53,METOP-C,Brasil,GOIÁS,RIALMA,Cerrado,102,0.0,1.0,-15.3392,-49.528,
2024/08/01 01:05:53,METOP-C,Brasil,GOIÁS,RIALMA,Cerrado,102,0.0,1.0,-15.341,-49.535702,
2024/08/01 01:08:08,METOP-C,Brasil,MARANHÃO,FORTUNA,Cerrado,66,0.0,0.99,-5.5969,-43.967499,
2024/08/01 01:08:08,METOP-C,Brasil,MARANHÃO,PARNARAMA,Cerrado,42,0.0,0.7,-5.4929,-43.675301,
2024/08/01 01:08:08,METOP-C,Brasil,MARANHÃO,PARNARAMA,Cerrado,44,0.0,0.7,-5.4988,-43.698898,
2024/08/01 01:04:49,METOP-C,Brasil,MATO GROSSO DO SUL,PORTO MURTINHO,Cerrado,20,0.0,1.0,-20.770599,-56.885399,
2024/08/01 01:04:49,METOP-C,Brasil,MATO GROSSO DO SUL,PORTO MURTINHO,Cerrado,19,0.0,1.0,-20.773001,-56.898701,
2024/08/01 01:04:52,METOP-C,Brasil,MATO GROSSO DO SUL,PORTO MURTINHO,Cerrado,20,0.0,1.0,-20.6022,-56.905399,
2024/08/01 01:04:52,METOP-C,Brasil,MATO GROSSO DO SUL,PORTO MURTINHO,Cerrado,21,0.0,1.0,-20.5949,-56.920601,
2024/08/01 01:04:52,METOP-C,Brasil,MATO GROSSO DO SUL,PORTO MURTINHO,Cerrado,21,0.0,1.0,-20.597401,-56.933998,
2024/08/01 01:06:17,METOP-C,Brasil,MATO GROSSO,CUIABÁ,Cerrado,100,0.0,1.0,-15.2708,-56.052799,
2024/08/01 01:06:17,METOP-C,Brasil,MATO GROSSO,CUIABÁ,Cerrado,96,0.0,1.0,-15.2728,-56.062599,
2024/08/01 01:06:17,METOP-C,Brasil,MATO GROSSO,CUIABÁ,Cerrado,92,0.0,1.0,-15.2748,-56.072399,
2024/08/01 01:06:23,METOP-C,Brasil,MATO GROSSO,PARANATINGA,Cerrado,15,0.0,1.0,-14.5487,-54.272099,
2024/08/01 01:06:23,METOP-C,Brasil,MATO GROSSO,PARANATINGA,Cerrado,19,0.0,1.0,-14.5504,-54.279999,
2024/08/01 01:06:26,METOP-C,Brasil,MATO GROSSO,PLANALTO DA SERRA,Cerrado,95,0.0,1.0,-14.4355,-54.846199,
2024/08/01 01:06:26,METOP-C,Brasil,MATO GROSSO,PLANALTO DA SERRA,Cerrado,95,0.0,1.0,-14.4372,-54.8545,
2024/08/01 01:06:26,METOP-C,Brasil,MATO GROSSO,PLANALTO DA SERRA,Cerrado,95,0.0,1.0,-14.439,-54.862801,
2024/08/01 01:06:27,METOP-C,Brasil,MATO GROSSO,PLANALTO DA SERRA,Cerrado,95,0.0,1.0,-14.4257,-54.8484,
2024/08/01 01:06:27,METOP-C,Brasil,MATO GROSSO,PLANALTO DA SERRA,Cerrado,96,0.0,1.0,-14.4274,-54.856602,
2024/08/01 01:06:27,METOP-C,Brasil,MATO GROSSO,PLANALTO DA SERRA,Cerrado,96,0.0,1.0,-14.4292,-54.864899,
2024/08/01 01:06:27,METOP-C,Brasil,MATO GROSSO,PLANALTO DA SERRA,Cerrado,96,0.0,1.0,-14.4141,-54.842201,
2024/08/01 01:06:27,METOP-C,Brasil,MATO GROSSO,PLANALTO DA SERRA,Cerrado,96,0.0,1.0,-14.4159,-54.850498,
2024/08/01 01:06:27,METOP-C,Brasil,MATO GROSSO,PLANALTO DA SERRA,Cerrado,96,0.0,1.0,-14.4177,-54.858799,
2024/08/01 01:06:28,METOP-C,Brasil,TOCANTINS,TAGUATINGA,Cerrado,69,0.0,1.0,-12.448,-46.652699,
2024/08/01 01:06:28,METOP-C,Brasil,TOCANTINS,TAGUATINGA,Cerrado,67,0.0,1.0,-12.4509,-46.6642,
2024/08/01 01:06:33,METOP-C,Brasil,TOCANTINS,CONCEIÇÃO DO TOCANTINS,Cerrado,102,0.0,1.0,-12.3463,-47.453999,
2024/08/01 01:06:33,METOP-C,Brasil,TOCANTINS,CONCEIÇÃO DO TOCANTINS,Cerrado,101,0.0,1.0,-12.3366,-47.456501,
2024/08/01 01:06:50,METOP-C,Brasil,TOCANTINS,FORMOSO DO ARAGUAIA,Cerrado,64,0.0,1.0,-12.066,-50.6455,
2024/08/01 01:07:25,METOP-C,Brasil,TOCANTINS,RIO DOS BOIS,Cerrado,87,0.0,1.0,-9.3549,-48.503399,
2024/08/01 01:07:32,METOP-C,Brasil,TOCANTINS,TUPIRAMA,Cerrado,84,0.0,1.0,-8.9065,-48.316101,
2024/08/01 01:07:32,METOP-C,Brasil,TOCANTINS,TUPIRAMA,Cerrado,87,0.0,1.0,-8.8943,-48.3083,
2024/08/01 01:07:32,METOP-C,Brasil,TOCANTINS,TUPIRAMA,Cerrado,86,0.0,1.0,-8.8968,-48.318501,
2024/08/01 01:07:32,METOP-C,Brasil,TOCANTINS,TUPIRAMA,Cerrado,86,0.0,1.0,-8.8993,-48.328701,
2024/08/01 01:07:37,METOP-C,Brasil,TOCANTINS,GOIATINS,Cerrado,78,0.0,1.0,-8.3495,-47.3438,
2024/08/01 01:07:40,METOP-C,Brasil,TOCANTINS,CAMPOS LINDOS,Cerrado,77,0.0,1.0,-7.9872,-46.668499,
2024/08/01 01:07:40,METOP-C,Brasil,TOCANTINS,CAMPOS LINDOS,Cerrado,78,0.0,1.0,-7.9906,-46.6819,
2024/08/01 01:07:40,METOP-C,Brasil,TOCANTINS,CAMPOS LINDOS,Cerrado,78,0.0,1.0,-7.9775,-46.670898,
2024/08/01 01:07:40,METOP-C,Brasil,TOCANTINS,CAMPOS LINDOS,Cerrado,78,0.0,1.0,-7.9809,-46.684299,
2024/08/01 01:07:43,METOP-C,Brasil,MARANHÃO,SÃO FÉLIX DE BALSAS,Cerrado,33,0.0,1.0,-7.3501,-44.937302,
2024/08/01 01:07:50,METOP-C,Brasil,MARANHÃO,SÃO RAIMUNDO DAS MANGABEIRAS,Cerrado,25,0.0,1.0,-7.1794,-45.820499,
2024/08/01 01:08:07,METOP-C,Brasil,MARANHÃO,GRAJAÚ,Cerrado,24,0.0,1.0,-6.1055,-45.932301,
2024/08/01 01:08:07,METOP-C,Brasil,MARANHÃO,GRAJAÚ,Cerrado,23,0.0,1.0,-6.1095,-45.948399,
2024/08/01 01:08:08,METOP-C,Brasil,MARANHÃO,GRAJAÚ,Cerrado,24,0.0,1.0,-6.0998,-45.950802,
2024/08/01 01:08:13,METOP-C,Brasil,TOCANTINS,TOCANTINÓPOLIS,Cerrado,24,0.0,1.0,-6.1802,-47.5863,
2024/08/01 01:08:13,METOP-C,Brasil,TOCANTINS,TOCANTINÓPOLIS,Cerrado,24,0.0,1.0,-6.1832,-47.598701,
2024/08/01 01:08:13,METOP-C,Brasil,TOCANTINS,TOCANTINÓPOLIS,Cerrado,24,0.0,1.0,-6.1705,-47.5886,
2024/08/01 01:08:13,METOP-C,Brasil,TOCANTINS,TOCANTINÓPOLIS,Cerrado,24,0.0,1.0,-6.1735,-47.601002,
2024/08/01 01:08:14,METOP-C,Brasil,MARANHÃO,GRAJAÚ,Cerrado,24,0.0,0.96,-5.6345,-45.732101,
2024/08/01 01:35:58,GOES-16,Brasil,PIAUÍ,BAIXA GRANDE DO RIBEIRO,Cerrado,29,0.0,1.0,-9.1372,-45.2722,50.4
2024/08/01 01:36:51,GOES-16,Brasil,MINAS GERAIS,ROMARIA,Cerrado,109,0.0,1.0,-18.9307,-47.586,63.1
2024/08/01 01:36:28,GOES-16,Brasil,MATO GROSSO,PLANALTO DA SERRA,Cerrado,96,0.0,1.0,-14.4211,-54.8602,89.5
2024/08/01 01:36:28,GOES-16,Brasil,MATO GROSSO,PLANALTO DA SERRA,Cerrado,96,0.0,1.0,-14.4214,-54.8395,57.9
2024/08/01 01:36:28,GOES-16,Brasil,MATO GROSSO,PLANALTO DA SERRA,Cerrado,95,0.0,1.0,-14.4404,-54.858,87.7
2024/08/01 01:46:28,GOES-16,Brasil,MATO GROSSO,PLANALTO DA SERRA,Cerrado,96,0.0,1.0,-14.4211,-54.8602,103.9
2024/08/01 01:46:28,GOES-16,Brasil,MATO GROSSO,PLANALTO DA SERRA,Cerrado,96,0.0,1.0,-14.4214,-54.8395,54.4
2024/08/01 01:46:28,GOES-16,Brasil,MATO GROSSO,PLANALTO DA SERRA,Cerrado,95,0.0,1.0,-14.4404,-54.858,84.4
2024/08/01 01:46:28,GOES-16,Brasil,MATO GROSSO,PLANALTO DA SERRA,Cerrado,94,0.0,1.0,-14.4407,-54.8373,42.9
2024/08/01 01:46:51,GOES-16,Brasil,MINAS GERAIS,ROMARIA,Cerrado,109,0.0,1.0,-18.9307,-47.586,54.7
2024/08/01 01:57:07,GOES-16,Brasil,SÃO PAULO,AGUAÍ,Cerrado,22,0.0,1.0,-21.9855,-46.9787,77.6
2024/08/01 01:57:07,GOES-16,Brasil,SÃO PAULO,AGUAÍ,Cerrado,22,0.0,1.0,-21.9863,-46.9547,133.0
2024/08/01 01:57:07,GOES-16,Brasil,SÃO PAULO,AGUAÍ,Cerrado,22,0.0,1.0,-22.0072,-46.9493,83.6
2024/08/01 00:54:00,TERRA_M-M,Brasil,MARANHÃO,GRAJAÚ,Cerrado,24,0.0,1.0,-6.11376,-45.95139,25.1
2024/08/01 00:54:00,TERRA_M-M,Brasil,PIAUÍ,GILBUÉS,Cerrado,95,0.0,1.0,-9.73965,-45.40291,13.4
2024/08/01 00:54:00,TERRA_M-M,Brasil,PIAUÍ,GILBUÉS,Cerrado,95,0.0,1.0,-9.73836,-45.39387,4.4
2024/08/01 00:54:00,TERRA_M-M,Brasil,PIAUÍ,GILBUÉS,Cerrado,95,0.0,1.0,-9.73073,-45.40424,27.6
2024/08/01 00:54:00,TERRA_M-M,Brasil,PIAUÍ,GILBUÉS,Cerrado,95,0.0,1.0,-9.72945,-45.39519,8.8
2024/08/01 00:54:00,TERRA_M-M,Brasil,PIAUÍ,MONTE ALEGRE DO PIAUÍ,Cerrado,88,0.0,1.0,-9.51006,-44.76386,6.9
2024/08/01 00:54:00,TERRA_M-M,Brasil,PIAUÍ,MONTE ALEGRE DO PIAUÍ,Cerrado,88,0.0,1.0,-9.50872,-44.75445,9.0
2024/08/01 00:54:00,TERRA_M-M,Brasil,PIAUÍ,BOM JESUS,Cerrado,88,0.0,1.0,-9.22837,-44.91984,5.0
2024/08/01 00:54:00,TERRA_M-M,Brasil,PIAUÍ,BAIXA GRANDE DO RIBEIRO,Cerrado,24,0.0,1.0,-9.14824,-45.2636,7.6
2024/08/01 00:54:00,TERRA_M-M,Brasil,PIAUÍ,BAIXA GRANDE DO RIBEIRO,Cerrado,32,0.0,1.0,-9.13291,-45.28469,26.8
2024/08/01 00:54:00,TERRA_M-M,Brasil,PIAUÍ,BAIXA GRANDE DO RIBEIRO,Cerrado,33,0.0,1.0,-9.13162,-45.27558,72.0
2024/08/01 00:54:00,TERRA_M-M,Brasil,PIAUÍ,JERUMENHA,Cerrado,21,0.0,1.0,-7.24045,-43.64736,8.1
2024/08/01 00:54:00,TERRA_M-M,Brasil,PIAUÍ,LANDRI SALES,Cerrado,21,0.0,1.0,-7.20273,-43.79909,8.5
2024/08/01 00:54:00,TERRA_M-M,Brasil,MARANHÃO,PASSAGEM FRANCA,Cerrado,27,0.0,1.0,-6.1446,-43.56891,20.1
2024/08/01 00:54:00,TERRA_M-M,Brasil,MARANHÃO,PASSAGEM FRANCA,Cerrado,27,0.0,1.0,-6.14404,-43.563,38.9
2024/08/01 00:54:00,TERRA_M-M,Brasil,MARANHÃO,PASSAGEM FRANCA,Cerrado,28,0.0,1.0,-6.14285,-43.55726,27.9
2024/08/01 00:54:00,TERRA_M-M,Brasil,MARANHÃO,PASSAGEM FRANCA,Cerrado,31,0.0,1.0,-6.13732,-43.58763,7.7
2024/08/01 00:50:00,TERRA_M-M,Brasil,SÃO PAULO,TAQUARITINGA,Cerrado,31,0.0,1.0,-21.50783,-48.50848,15.7
2024/08/01 00:50:00,TERRA_M-M,Brasil,SÃO PAULO,TAQUARITINGA,Cerrado,31,0.0,1.0,-21.50688,-48.50278,18.9
2024/08/01 00:52:00,TERRA_M-M,Brasil,SÃO PAULO,BARRETOS,Cerrado,72,0.0,1.0,-20.44458,-48.79074,10.6
2024/08/01 00:52:00,TERRA_M-M,Brasil,SÃO PAULO,BARRETOS,Cerrado,81,0.0,1.0,-20.44419,-48.78035,11.4
2024/08/01 00:52:00,TERRA_M-M,Brasil,MINAS GERAIS,DELFINÓPOLIS,Cerrado,77,0.0,1.0,-20.37725,-46.53656,8.8
2024/08/01 00:52:00,TERRA_M-M,Brasil,MINAS GERAIS,DELFINÓPOLIS,Cerrado,80,0.0,1.0,-20.30493,-46.69398,7.1
2024/08/01 00:52:00,TERRA_M-M,Brasil,SÃO PAULO,ARAMINA,Cerrado,108,0.0,1.0,-20.16101,-47.79255,17.2
2024/08/01 00:52:00,TERRA_M-M,Brasil,MINAS GERAIS,SÃO GONÇALO DO PARÁ,Cerrado,104,0.0,1.0,-19.91663,-44.87143,8.3
2024/08/01 00:52:00,TERRA_M-M,Brasil,MINAS GERAIS,ROMARIA,Cerrado,109,0.0,1.0,-18.92784,-47.58911,27.6
2024/08/01 00:52:00,TERRA_M-M,Brasil,MINAS GERAIS,ROMARIA,Cerrado,109,0.0,1.0,-18.91985,-47.59657,100.5
2024/08/01 00:52:00,TERRA_M-M,Brasil,MINAS GERAIS,ROMARIA,Cerrado,109,0.0,1.0,-18.91833,-47.5843,85.6
2024/08/01 00:52:00,TERRA_M-M,Brasil,MINAS GERAIS,PATOS DE MINAS,Cerrado,112,0.0,1.0,-18.71771,-46.61143,10.6
2024/08/01 00:52:00,TERRA_M-M,Brasil,GOIÁS,CHAPADÃO DO CÉU,Cerrado,105,0.0,1.0,-18.57533,-52.45671,44.7
2024/08/01 00:52:00,TERRA_M-M,Brasil,GOIÁS,CHAPADÃO DO CÉU,Cerrado,98,0.0,1.0,-18.57261,-52.42862,44.7
2024/08/01 00:52:00,TERRA_M-M,Brasil,GOIÁS,CHAPADÃO DO CÉU,Cerrado,100,0.0,1.0,-18.57141,-52.4355,65.2
2024/08/01 00:52:00,TERRA_M-M,Brasil,GOIÁS,ITUMBIARA,Cerrado,108,0.01,1.0,-18.29605,-49.75903,12.3
2024/08/01 00:52:00,TERRA_M-M,Brasil,MINAS GERAIS,LAGOA GRANDE,Cerrado,105,0.0,1.0,-17.62196,-46.42081,37.3
2024/08/01 00:52:00,TERRA_M-M,Brasil,MINAS GERAIS,MONTES CLAROS,Cerrado,118,0.0,0.96,-16.63701,-44.03648,6.1
2024/08/01 00:52:00,TERRA_M-M,Brasil,GOIÁS,LEOPOLDO DE BULHÕES,Cerrado,73,0.0,1.0,-16.51536,-48.88255,10.0
2024/08/01 00:52:00,TERRA_M-M,Brasil,GOIÁS,CAMPO LIMPO DE GOIÁS,Cerrado,111,0.0,1.0,-16.32883,-49.03304,8.1
2024/08/01 00:52:00,TERRA_M-M,Brasil,GOIÁS,RIALMA,Cerrado,102,0.0,1.0,-15.33884,-49.53548,9.7
2024/08/01 00:52:00,TERRA_M-M,Brasil,GOIÁS,NOVA GLÓRIA,Cerrado,102,0.0,1.0,-15.09028,-49.46823,10.1
2024/08/01 00:52:00,TERRA_M-M,Brasil,GOIÁS,NOVA GLÓRIA,Cerrado,102,0.0,1.0,-15.08855,-49.45395,36.9
2024/08/01 00:52:00,TERRA_M-M,Brasil,MINAS GERAIS,CÔNEGO MARINHO,Cerrado,57,0.0,1.0,-14.93128,-44.61035,26.5
2024/08/01 00:52:00,TERRA_M-M,Brasil,MINAS GERAIS,CÔNEGO MARINHO,Cerrado,57,0.0,1.0,-14.92999,-44.60119,24.4
2024/08/01 00:52:00,TERRA_M-M,Brasil,MINAS GERAIS,CÔNEGO MARINHO,Cerrado,57,0.0,1.0,-14.91995,-44.65884,15.7
2024/08/01 00:52:00,TERRA_M-M,Brasil,MINAS GERAIS,CÔNEGO MARINHO,Cerrado,57,0.0,1.0,-14.91107,-44.66019,10.1
2024/08/01 00:52:00,TERRA_M-M,Brasil,GOIÁS,SÃO LUIZ DO NORTE,Cerrado,73,0.0,1.0,-14.8518,-49.28202,10.4
2024/08/01 00:52:00,TERRA_M-M,Brasil,GOIÁS,SÃO LUIZ DO NORTE,Cerrado,66,0.0,1.0,-14.85015,-49.2682,129.5
2024/08/01 00:52:00,TERRA_M-M,Brasil,GOIÁS,SÃO LUIZ DO NORTE,Cerrado,60,0.0,1.0,-14.84849,-49.25438,25.3
2024/08/01 00:52:00,TERRA_M-M,Brasil,BAHIA,MALHADA,Cerrado,57,0.0,1.0,-14.51884,-43.8489,6.6
2024/08/01 00:52:00,TERRA_M-M,Brasil,BAHIA,FEIRA DA MATA,Cerrado,65,0.0,1.0,-14.27697,-44.08723,10.0
2024/08/01 00:52:00,TERRA_M-M,Brasil,BAHIA,JABORANDI,Cerrado,64,0.0,1.0,-14.03265,-45.75478,8.6
2024/08/01 00:52:00,TERRA_M-M,Brasil,GOIÁS,URUAÇU,Cerrado,46,0.0,1.0,-14.00285,-48.73154,16.3
2024/08/01 00:52:00,TERRA_M-M,Brasil,GOIÁS,CAMPINAÇU,Cerrado,40,0.0,1.0,-14.00128,-48.71918,16.8
2024/08/01 00:52:00,TERRA_M-M,Brasil,GOIÁS,CAMPINAÇU,Cerrado,47,0.0,1.0,-13.99258,-48.7328,11.1
2024/08/01 00:52:00,TERRA_M-M,Brasil,GOIÁS,CAMPINAÇU,Cerrado,40,0.0,1.0,-13.99103,-48.72055,9.5
2024/08/01 00:52:00,TERRA_M-M,Brasil,GOIÁS,CAVALCANTE,Cerrado,64,0.0,1.0,-13.52548,-47.65186,6.7
2024/08/01 00:52:00,TERRA_M-M,Brasil,GOIÁS,PORANGATU,Cerrado,90,0.0,1.0,-13.36563,-49.31905,10.7
2024/08/01 00:54:00,TERRA_M-M,Brasil,BAHIA,SANTA RITA DE CÁSSIA,Cerrado,101,0.0,1.0,-11.26702,-44.81113,10.1
2024/08/01 00:54:00,TERRA_M-M,Brasil,TOCANTINS,RIO SONO,Cerrado,95,0.0,1.0,-9.80837,-47.36006,6.4
2024/08/01 00:54:00,TERRA_M-M,Brasil,TOCANTINS,RIO SONO,Cerrado,95,0.0,1.0,-9.79408,-47.39087,9.6
2024/08/01 00:54:00,TERRA_M-M,Brasil,TOCANTINS,RIO SONO,Cerrado,95,0.0,1.0,-9.51746,-47.72921,5.8
2024/08/01 00:54:00,TERRA_M-M,Brasil,TOCANTINS,RIO SONO,Cerrado,95,0.0,1.0,-9.51617,-47.71965,9.7
2024/08/01 00:54:00,TERRA_M-M,Brasil,MARANHÃO,BALSAS,Cerrado,96,0.0,1.0,-9.36623,-46.68367,9.2
2024/08/01 00:54:00,TERRA_M-M,Brasil,TOCANTINS,RIO DOS BOIS,Cerrado,88,0.0,1.0,-9.36499,-48.5092,5.0
2024/08/01 00:54:00,TERRA_M-M,Brasil,TOCANTINS,RIO DOS BOIS,Cerrado,87,0.0,1.0,-9.36361,-48.49887,5.9
2024/08/01 00:54:00,TERRA_M-M,Brasil,TOCANTINS,RIO DOS BOIS,Cerrado,86,0.0,1.0,-9.3541,-48.50021,6.4
2024/08/01 00:54:00,TERRA_M-M,Brasil,TOCANTINS,PEDRO AFONSO,Cerrado,50,0.0,1.0,-9.21347,-47.78637,10.4
2024/08/01 00:54:00,TERRA_M-M,Brasil,TOCANTINS,TUPIRAMA,Cerrado,86,0.0,1.0,-8.89978,-48.32388,18.7
2024/08/01 00:54:00,TERRA_M-M,Brasil,TOCANTINS,GOIATINS,Cerrado,83,0.0,1.0,-8.37584,-47.31424,8.6
2024/08/01 00:54:00,TERRA_M-M,Brasil,TOCANTINS,GOIATINS,Cerrado,78,0.0,1.0,-8.36161,-47.34414,7.6
2024/08/01 00:54:00,TERRA_M-M,Brasil,TOCANTINS,GOIATINS,Cerrado,78,0.0,1.0,-8.35264,-47.34552,13.2
2024/08/01 00:54:00,TERRA_M-M,Brasil,MARANHÃO,BALSAS,Cerrado,89,0.0,1.0,-8.28321,-46.17696,5.7
2024/08/01 00:54:00,TERRA_M-M,Brasil,MARANHÃO,BALSAS,Cerrado,90,0.0,1.0,-8.28196,-46.16804,4.9
2024/08/01 00:54:00,TERRA_M-M,Brasil,TOCANTINS,CAMPOS LINDOS,Cerrado,78,0.0,1.0,-7.99522,-46.68805,18.8
2024/08/01 00:54:00,TERRA_M-M,Brasil,TOCANTINS,CAMPOS LINDOS,Cerrado,78,0.0,1.0,-7.99399,-46.67914,26.8
2024/08/01 00:54:00,TERRA_M-M,Brasil,TOCANTINS,CAMPOS LINDOS,Cerrado,78,0.0,1.0,-7.98635,-46.68932,12.8
2024/08/01 00:54:00,TERRA_M-M,Brasil,TOCANTINS,CAMPOS LINDOS,Cerrado,78,0.0,1.0,-7.98511,-46.6804,20.7
2024/08/01 00:54:00,TERRA_M-M,Brasil,MARANHÃO,BALSAS,Cerrado,95,0.0,1.0,-7.85792,-46.10537,5.7
2024/08/01 00:54:00,TERRA_M-M,Brasil,MARANHÃO,RIACHÃO,Cerrado,78,0.0,1.0,-7.5962,-46.59708,4.9
2024/08/01 00:54:00,TERRA_M-M,Brasil,MARANHÃO,RIACHÃO,Cerrado,78,0.0,1.0,-7.58282,-46.57807,7.3
2024/08/01 00:54:00,TERRA_M-M,Brasil,MARANHÃO,SÃO FÉLIX DE BALSAS,Cerrado,28,0.0,1.0,-7.36103,-44.94296,11.1
2024/08/01 00:54:00,TERRA_M-M,Brasil,MARANHÃO,SÃO FÉLIX DE BALSAS,Cerrado,33,0.0,1.0,-7.35964,-44.93339,10.0
2024/08/01 00:54:00,TERRA_M-M,Brasil,MARANHÃO,SÃO FÉLIX DE BALSAS,Cerrado,30,0.0,1.0,-7.35276,-44.94085,25.8
2024/08/01 00:54:00,TERRA_M-M,Brasil,MARANHÃO,SÃO FÉLIX DE BALSAS,Cerrado,36,0.0,1.0,-7.3514,-44.93128,11.6
2024/08/01 00:54:00,TERRA_M-M,Brasil,MARANHÃO,SÃO RAIMUNDO DAS MANGABEIRAS,Cerrado,25,0.0,1.0,-7.19185,-45.82337,6.6
2024/08/01 00:54:00,TERRA_M-M,Brasil,MARANHÃO,SÃO RAIMUNDO DAS MANGABEIRAS,Cerrado,25,0.0,1.0,-7.18292,-45.82471,22.3
2024/08/01 00:54:00,TERRA_M-M,Brasil,MARANHÃO,FORTALEZA DOS NOGUEIRAS,Cerrado,75,0.0,1.0,-7.07938,-46.00223,14.4
2024/08/01 00:54:00,TERRA_M-M,Brasil,MARANHÃO,SÃO FÉLIX DE BALSAS,Cerrado,86,0.0,1.0,-7.03521,-44.84855,21.4
2024/08/01 00:54:00,TERRA_M-M,Brasil,MARANHÃO,FORTALEZA DOS NOGUEIRAS,Cerrado,75,0.0,1.0,-7.02562,-46.01593,5.2
2024/08/01 00:54:00,TERRA_M-M,Brasil,MARANHÃO,MIRADOR,Cerrado,25,0.0,1.0,-6.64212,-44.74231,16.3
2024/08/01 00:54:00,TERRA_M-M,Brasil,MARANHÃO,MIRADOR,Cerrado,31,0.0,1.0,-6.63282,-44.74371,5.3
2024/08/01 00:54:00,TERRA_M-M,Brasil,MARANHÃO,MIRADOR,Cerrado,32,0.0,1.0,-6.63139,-44.73382,9.5
2024/08/01 00:54:00,TERRA_M-M,Brasil,MARANHÃO,MIRADOR,Cerrado,33,0.0,1.0,-6.63,-44.72412,8.3
2024/08/01 00:54:00,TERRA_M-M,Brasil,MARANHÃO,MIRADOR,Cerrado,28,0.0,1.0,-6.6207,-44.59328,21.8
2024/08/01 00:54:00,TERRA_M-M,Brasil,MARANHÃO,MIRADOR,Cerrado,51,0.0,1.0,-6.58763,-44.62922,6.2
2024/08/01 00:54:00,TERRA_M-M,Brasil,MARANHÃO,MIRADOR,Cerrado,33,0.0,1.0,-6.37447,-44.53529,8.1
2024/08/01 00:54:00,TERRA_M-M,Brasil,MARANHÃO,MIRADOR,Cerrado,41,0.0,1.0,-6.34435,-44.29277,5.7
2024/08/01 00:54:00,TERRA_M-M,Brasil,MARANHÃO,SUCUPIRA DO NORTE,Cerrado,21,0.0,1.0,-6.26381,-44.17199,6.8
2024/08/01 00:54:00,TERRA_M-M,Brasil,MARANHÃO,GRAJAÚ,Cerrado,24,0.0,1.0,-6.11249,-45.94234,13.6
2024/08/01 00:54:00,TERRA_M-M,Brasil,MARANHÃO,GRAJAÚ,Cerrado,24,0.0,1.0,-6.10481,-45.95271,10.4
2024/08/01 00:54:00,TERRA_M-M,Brasil,MARANHÃO,GRAJAÚ,Cerrado,24,0.0,1.0,-6.10354,-45.94365,5.9
2024/08/01 00:52:00,TERRA_M-M,Brasil,MATO GROSSO,PLANALTO DA SERRA,Cerrado,95,0.0,1.0,-14.43639,-54.86161,43.4
2024/08/01 00:52:00,TERRA_M-M,Brasil,MATO GROSSO,PLANALTO DA SERRA,Cerrado,98,0.0,1.0,-14.42895,-54.89253,34.8
2024/08/01 00:52:00,TERRA_M-M,Brasil,MATO GROSSO,PLANALTO DA SERRA,Cerrado,96,0.0,1.0,-14.42543,-54.85575,113.6
2024/08/01 00:52:00,TERRA_M-M,Brasil,MATO GROSSO,PLANALTO DA SERRA,Cerrado,97,0.0,1.0,-14.41982,-54.86345,129.9
2024/08/01 00:54:00,TERRA_M-M,Brasil,TOCANTINS,SÃO SALVADOR DO TOCANTINS,Cerrado,20,0.0,1.0,-12.45902,-48.45038,8.7
2024/08/01 00:54:00,TERRA_M-M,Brasil,TOCANTINS,TAGUATINGA,Cerrado,66,0.0,1.0,-12.45502,-46.66734,22.5
2024/08/01 00:54:00,TERRA_M-M,Brasil,TOCANTINS,TAGUATINGA,Cerrado,67,0.0,1.0,-12.45374,-46.65794,7.4
2024/08/01 00:54:00,TERRA_M-M,Brasil,TOCANTINS,CONCEIÇÃO DO TOCANTINS,Cerrado,97,0.0,1.0,-12.35008,-47.46335,13.1
2024/08/01 00:54:00,TERRA_M-M,Brasil,TOCANTINS,CONCEIÇÃO DO TOCANTINS,Cerrado,102,0.0,1.0,-12.34876,-47.45337,4.7
2024/08/01 00:54:00,TERRA_M-M,Brasil,TOCANTINS,CONCEIÇÃO DO TOCANTINS,Cerrado,102,0.0,1.0,-12.33943,-47.4546,15.4
2024/08/01 00:54:00,TERRA_M-M,Brasil,TOCANTINS,PARANÃ,Cerrado,103,0.0,1.0,-12.28196,-47.64344,10.2
2024/08/01 00:54:00,TERRA_M-M,Brasil,TOCANTINS,PONTE ALTA DO BOM JESUS,Cerrado,99,0.0,1.0,-12.1991,-46.61131,7.2
2024/08/01 00:54:00,TERRA_M-M,Brasil,TOCANTINS,SÃO VALÉRIO,Cerrado,87,0.0,1.0,-11.64389,-48.37993,7.1
2024/08/01 00:54:00,TERRA_M-M,Brasil,TOCANTINS,IPUEIRAS,Cerrado,58,0.0,1.0,-11.11813,-48.421,11.9
2024/08/01 00:54:00,TERRA_M-M,Brasil,TOCANTINS,IPUEIRAS,Cerrado,64,0.0,1.0,-11.1167,-48.41017,9.4
2024/08/01 00:54:00,TERRA_M-M,Brasil,TOCANTINS,MONTE DO CARMO,Cerrado,70,0.0,0.96,-10.73885,-48.18644,7.2
2024/08/01 00:54:00,TERRA_M-M,Brasil,TOCANTINS,MATEIROS,Cerrado,94,0.0,1.0,-10.41943,-46.65015,5.7
2024/08/01 00:54:00,TERRA_M-M,Brasil,TOCANTINS,MATEIROS,Cerrado,94,0.0,1.0,-10.40924,-46.64226,7.0
2024/08/01 00:54:00,TERRA_M-M,Brasil,TOCANTINS,MATEIROS,Cerrado,94,0.0,1.0,-10.40032,-46.64365,5.6
2024/08/01 02:06:28,GOES-16,Brasil,MATO GROSSO,PLANALTO DA SERRA,Cerrado,96,0.0,1.0,-14.4211,-54.8602,39.2
2024/08/01 02:16:28,GOES-16,Brasil,MATO GROSSO,PLANALTO DA SERRA,Cerrado,96,0.0,1.0,-14.4211,-54.8602,49.7
2024/08/01 02:16:28,GOES-16,Brasil,MATO GROSSO,PLANALTO DA SERRA,Cerrado,95,0.0,1.0,-14.4404,-54.858,40.8
2024/08/01 02:26:28,GOES-16,Brasil,MATO GROSSO,PLANALTO DA SERRA,Cerrado,96,0.0,1.0,-14.4211,-54.8602,50.3
2024/08/01 01:50:55,METOP-B,Brasil,MATO GROSSO DO SUL,PORTO MURTINHO,Cerrado,20,0.0,1.0,-20.762699,-56.895699,
2024/08/01 01:50:58,METOP-B,Brasil,MATO GROSSO DO SUL,PORTO MURTINHO,Cerrado,21,0.0,1.0,-20.590599,-56.913898,
2024/08/01 01:50:58,METOP-B,Brasil,MATO GROSSO DO SUL,PORTO MURTINHO,Cerrado,21,0.0,1.0,-20.5851,-56.932499,
2024/08/01 01:50:58,METOP-B,Brasil,MATO GROSSO DO SUL,PORTO MURTINHO,Cerrado,21,0.0,1.0,-20.5755,-56.935398,
2024/08/01 01:52:28,METOP-B,Brasil,MATO GROSSO,PLANALTO DA SERRA,Cerrado,96,0.0,1.0,-14.4152,-54.852001,
2024/08/01 01:52:28,METOP-B,Brasil,MATO GROSSO,PLANALTO DA SERRA,Cerrado,97,0.0,1.0,-14.4227,-54.879101,
2024/08/01 01:52:28,METOP-B,Brasil,MATO GROSSO,PLANALTO DA SERRA,Cerrado,97,0.0,1.0,-14.4057,-54.854698,
2024/08/01 01:52:28,METOP-B,Brasil,MATO GROSSO,PLANALTO DA SERRA,Cerrado,98,0.0,1.0,-14.4132,-54.881802,
2024/08/01 02:45:41,GOES-16,Brasil,TOCANTINS,TOCANTINÓPOLIS,Cerrado,24,0.0,1.0,-6.183,-47.6133,66.4
2024/08/01 02:45:41,GOES-16,Brasil,TOCANTINS,TOCANTINÓPOLIS,Cerrado,24,0.0,1.0,-6.1832,-47.5915,63.0
2024/08/01 02:55:41,GOES-16,Brasil,TOCANTINS,TOCANTINÓPOLIS,Cerrado,24,0.0,1.0,-6.183,-47.6133,56.3
2024/08/01 00:54:00,TERRA_M-M,Brasil,MARANHÃO,BURITI BRAVO,Cerrado,67,0.0,1.0,-5.63431,-43.71641,7.3
2024/08/01 00:54:00,TERRA_M-M,Brasil,MARANHÃO,PARNARAMA,Cerrado,66,0.0,1.0,-5.63247,-43.63429,7.4
2024/08/01 00:54:00,TERRA_M-M,Brasil,MARANHÃO,FORTUNA,Cerrado,65,0.0,0.97,-5.6094,-43.96777,8.6
2024/08/01 00:54:00,TERRA_M-M,Brasil,MARANHÃO,FORTUNA,Cerrado,65,0.0,0.87,-5.60779,-43.95667,15.3
2024/08/01 00:54:00,TERRA_M-M,Brasil,MARANHÃO,FORTUNA,Cerrado,65,0.0,0.99,-5.59955,-43.96917,18.2
2024/08/01 00:54:00,TERRA_M-M,Brasil,MARANHÃO,FORTUNA,Cerrado,66,0.0,0.93,-5.59793,-43.95807,28.7
2024/08/01 00:54:00,TERRA_M-M,Brasil,MARANHÃO,MATÕES,Cerrado,28,0.0,0.67,-5.57803,-43.26498,52.3
2024/08/01 00:54:00,TERRA_M-M,Brasil,MARANHÃO,PARNARAMA,Cerrado,50,0.0,0.71,-5.50929,-43.70054,16.5
2024/08/01 00:54:00,TERRA_M-M,Brasil,MARANHÃO,PARNARAMA,Cerrado,49,0.0,0.71,-5.50764,-43.68904,19.9
2024/08/01 00:54:00,TERRA_M-M,Brasil,MARANHÃO,PARNARAMA,Cerrado,45,0.0,0.71,-5.49925,-43.70205,28.6
2024/08/01 00:54:00,TERRA_M-M,Brasil,MARANHÃO,PARNARAMA,Cerrado,44,0.0,0.7,-5.4976,-43.69059,13.7
2024/08/01 00:54:00,TERRA_M-M,Brasil,MARANHÃO,TIMON,Cerrado,67,0.0,0.72,-5.15679,-43.16688,32.0
2024/08/01 00:54:00,TERRA_M-M,Brasil,MARANHÃO,SÃO JOÃO DO SOTER,Cerrado,22,0.0,0.57,-5.02619,-43.61136,14.8
2024/08/01 00:54:00,TERRA_M-M,Brasil,MARANHÃO,SÃO JOÃO DO SOTER,Cerrado,23,0.0,0.6,-5.0245,-43.59961,24.4
2024/08/01 00:54:00,TERRA_M-M,Brasil,MARANHÃO,CAXIAS,Cerrado,25,0.0,0.49,-4.65598,-43.18124,46.7
2024/08/01 00:54:00,TERRA_M-M,Brasil,MARANHÃO,ALDEIAS ALTAS,Cerrado,25,0.0,0.48,-4.6157,-43.20035,10.0
2024/08/01 00:54:00,TERRA_M-M,Brasil,MARANHÃO,ALDEIAS ALTAS,Cerrado,25,0.0,0.48,-4.61085,-43.20682,11.9
2024/08/01 00:54:00,TERRA_M-M,Brasil,MARANHÃO,ALDEIAS ALTAS,Cerrado,25,0.0,0.46,-4.54652,-43.28138,18.9
2024/08/01 00:54:00,TERRA_M-M,Brasil,MARANHÃO,ALDEIAS ALTAS,Cerrado,25,0.0,0.46,-4.54464,-43.26871,23.5
2024/08/01 00:54:00,TERRA_M-M,Brasil,MARANHÃO,CODÓ,Cerrado,40,0.0,0.63,-4.47727,-43.77714,9.1
2024/08/01 00:54:00,TERRA_M-M,Brasil,MARANHÃO,ALDEIAS ALTAS,Cerrado,24,0.0,0.36,-4.35382,-43.26358,8.3
2024/08/01 00:54:00,TERRA_M-M,Brasil,MARANHÃO,CODÓ,Cerrado,25,0.0,0.85,-4.34622,-43.50807,8.7
2024/08/01 00:54:00,TERRA_M-M,Brasil,MARANHÃO,CODÓ,Cerrado,25,0.0,0.68,-4.34444,-43.49575,14.3
2024/08/01 00:54:00,TERRA_M-M,Brasil,MARANHÃO,CODÓ,Cerrado,25,0.0,0.85,-4.33586,-43.50957,7.4
2024/08/01 00:54:00,TERRA_M-M,Brasil,MARANHÃO,CODÓ,Cerrado,25,0.0,0.71,-4.33407,-43.49726,15.3
2024/08/01 00:54:00,TERRA_M-M,Brasil,MARANHÃO,CHAPADINHA,Cerrado,0,0.0,0.23,-4.02415,-43.26468,38.3
2024/08/01 00:54:00,TERRA_M-M,Brasil,MARANHÃO,CHAPADINHA,Cerrado,0,0.0,0.43,-4.02227,-43.25179,18.5
2024/08/01 00:54:00,TERRA_M-M,Brasil,MARANHÃO,ANAPURUS,Cerrado,23,0.0,0.58,-3.49238,-43.0762,11.8
2024/08/01 00:54:00,TERRA_M-M,Brasil,MARANHÃO,ANAPURUS,Cerrado,23,0.0,0.38,-3.48998,-43.08225,10.0
2024/08/01 00:54:00,TERRA_M-M,Brasil,MARANHÃO,ANAPURUS,Cerrado,23,0.0,0.88,-3.48805,-43.06871,9.1
2024/08/01 00:54:00,TERRA_M-M,Brasil,MARANHÃO,CAMPESTRE DO MARANHÃO,Cerrado,28,0.0,0.96,-6.14013,-47.25352,5.4
2024/08/01 00:54:00,TERRA_M-M,Brasil,MARANHÃO,CAMPESTRE DO MARANHÃO,Cerrado,28,0.0,0.93,-6.1389,-47.24461,5.3
2024/08/01 00:54:00,TERRA_M-M,Brasil,MARANHÃO,RIBAMAR FIQUENE,Cerrado,40,0.0,1.0,-6.06454,-47.30651,26.2
2024/08/01 00:54:00,TERRA_M-M,Brasil,MARANHÃO,TUNTUM,Cerrado,73,0.0,0.84,-5.73127,-44.51068,11.8
2024/08/01 00:54:00,TERRA_M-M,Brasil,MARANHÃO,TUNTUM,Cerrado,62,0.0,0.86,-5.7222,-44.81717,11.3
2024/08/01 00:54:00,TERRA_M-M,Brasil,MARANHÃO,GRAJAÚ,Cerrado,24,0.0,1.0,-5.64167,-45.7368,22.3
2024/08/01 00:54:00,TERRA_M-M,Brasil,MARANHÃO,GRAJAÚ,Cerrado,24,0.0,0.98,-5.64035,-45.72757,22.2
2024/08/01 00:54:00,TERRA_M-M,Brasil,MARANHÃO,GRAJAÚ,Cerrado,21,0.0,0.96,-5.54975,-45.80325,6.4
2024/08/01 00:54:00,TERRA_M-M,Brasil,MARANHÃO,JOÃO LISBOA,Cerrado,39,0.0,1.0,-5.43986,-47.38361,4.3
2024/08/01 00:54:00,TERRA_M-M,Brasil,MARANHÃO,JOÃO LISBOA,Cerrado,41,0.0,1.0,-5.43097,-47.38487,9.6
2024/08/01 00:54:00,TERRA_M-M,Brasil,MARANHÃO,JOÃO LISBOA,Cerrado,39,0.0,1.0,-5.42973,-47.37597,5.0
2024/08/01 00:54:00,TERRA_M-M,Brasil,MARANHÃO,BARRA DO CORDA,Cerrado,21,0.0,0.83,-5.31504,-45.45108,21.0
2024/08/01 03:06:53,GOES-16,Brasil,MINAS GERAIS,ITUIUTABA,Cerrado,109,0.0,1.0,-19.1824,-49.5195,59.5
2024/08/01 03:05:46,GOES-16,Brasil,MARANHÃO,FORTALEZA DOS NOGUEIRAS,Cerrado,75,0.0,1.0,-7.0771,-45.9953,45.0
2024/08/01 03:16:28,GOES-16,Brasil,MATO GROSSO,PLANALTO DA SERRA,Cerrado,96,0.0,1.0,-14.4211,-54.8602,76.1
2024/08/01 03:16:28,GOES-16,Brasil,MATO GROSSO,PLANALTO DA SERRA,Cerrado,96,0.0,1.0,-14.4214,-54.8395,56.1
2024/08/01 03:16:53,GOES-16,Brasil,MINAS GERAIS,ITUIUTABA,Cerrado,109,0.0,1.0,-19.1824,-49.5195,77.5
2024/08/01 03:16:53,GOES-16,Brasil,MINAS GERAIS,ITUIUTABA,Cerrado,109,0.0,1.0,-19.2026,-49.5154,54.4
2024/08/01 03:25:41,GOES-16,Brasil,TOCANTINS,TOCANTINÓPOLIS,Cerrado,24,0.0,1.0,-6.183,-47.6133,63.9
2024/08/01 03:25:41,GOES-16,Brasil,TOCANTINS,TOCANTINÓPOLIS,Cerrado,24,0.0,1.0,-6.1832,-47.5915,57.2
2024/08/01 03:25:41,GOES-16,Brasil,TOCANTINS,TOCANTINÓPOLIS,Cerrado,24,0.0,1.0,-6.2017,-47.612,59.0
2024/08/01 03:26:02,GOES-16,Brasil,TOCANTINS,RIO SONO,Cerrado,95,0.0,1.0,-9.7883,-47.4006,42.3
2024/08/01 03:26:02,GOES-16,Brasil,TOCANTINS,RIO SONO,Cerrado,95,0.0,1.0,-9.7887,-47.3784,32.4
2024/08/01 03:26:28,GOES-16,Brasil,MATO GROSSO,PLANALTO DA SERRA,Cerrado,96,0.0,1.0,-14.4211,-54.8602,68.0
2024/08/01 03:26:53,GOES-16,Brasil,MINAS GERAIS,ITUIUTABA,Cerrado,109,0.0,1.0,-19.1824,-49.5195,190.9
2024/08/01 03:26:53,GOES-16,Brasil,MINAS GERAIS,ITUIUTABA,Cerrado,109,0.0,1.0,-19.183,-49.4968,71.9
2024/08/01 03:26:53,GOES-16,Brasil,MINAS GERAIS,ITUIUTABA,Cerrado,109,0.0,1.0,-19.2026,-49.5154,56.3
2024/08/01 03:46:28,GOES-16,Brasil,MATO GROSSO,PLANALTO DA SERRA,Cerrado,96,0.0,1.0,-14.4211,-54.8602,57.0
2024/08/01 03:56:53,GOES-16,Brasil,MINAS GERAIS,ITUIUTABA,Cerrado,109,0.0,1.0,-19.1824,-49.5195,132.9
2024/08/01 03:56:53,GOES-16,Brasil,MINAS GERAIS,ITUIUTABA,Cerrado,109,0.0,1.0,-19.183,-49.4968,60.8
2024/08/01 03:56:53,GOES-16,Brasil,MINAS GERAIS,ITUIUTABA,Cerrado,109,0.0,1.0,-19.2026,-49.5154,80.5
2024/08/01 03:55:41,GOES-16,Brasil,TOCANTINS,TOCANTINÓPOLIS,Cerrado,24,0.0,1.0,-6.183,-47.6133,76.3
2024/08/01 03:55:41,GOES-16,Brasil,TOCANTINS,TOCANTINÓPOLIS,Cerrado,24,0.0,1.0,-6.1832,-47.5915,65.8
2024/08/01 04:06:53,GOES-16,Brasil,MINAS GERAIS,ITUIUTABA,Cerrado,109,0.0,1.0,-19.1824,-49.5195,139.1
2024/08/01 04:06:53,GOES-16,Brasil,MINAS GERAIS,ITUIUTABA,Cerrado,109,0.0,1.0,-19.183,-49.4968,83.2
2024/08/01 04:06:55,GOES-16,Brasil,MINAS GERAIS,CAMPINA VERDE,Cerrado,107,0.0,1.0,-19.5744,-49.9366,59.9
2024/08/01 04:15:41,GOES-16,Brasil,TOCANTINS,TOCANTINÓPOLIS,Cerrado,24,0.0,1.0,-6.183,-47.6133,68.0
2024/08/01 04:15:41,GOES-16,Brasil,TOCANTINS,TOCANTINÓPOLIS,Cerrado,24,0.0,1.0,-6.1832,-47.5915,67.0
2024/08/01 04:15:41,GOES-16,Brasil,TOCANTINS,TOCANTINÓPOLIS,Cerrado,24,0.0,1.0,-6.2017,-47.612,56.8
2024/08/01 04:16:28,GOES-16,Brasil,MATO GROSSO,PLANALTO DA SERRA,Cerrado,96,0.0,1.0,-14.4211,-54.8602,58.9
2024/08/01 04:16:53,GOES-16,Brasil,MINAS GERAIS,ITUIUTABA,Cerrado,109,0.0,1.0,-19.1824,-49.5195,71.8
2024/08/01 04:25:58,GOES-16,Brasil,PIAUÍ,BAIXA GRANDE DO RIBEIRO,Cerrado,29,0.0,1.0,-9.1372,-45.2722,75.2
2024/08/01 04:26:50,GOES-16,Brasil,MINAS GERAIS,TUPACIGUARA,Cerrado,72,0.0,1.0,-18.5766,-48.8946,60.6
2024/08/01 04:26:53,GOES-16,Brasil,MINAS GERAIS,ITUIUTABA,Cerrado,109,0.0,1.0,-19.1818,-49.5422,79.0
2024/08/01 04:26:53,GOES-16,Brasil,MINAS GERAIS,ITUIUTABA,Cerrado,109,0.0,1.0,-19.1824,-49.5195,317.6
2024/08/01 04:26:53,GOES-16,Brasil,MINAS GERAIS,ITUIUTABA,Cerrado,109,0.0,1.0,-19.183,-49.4968,125.9
2024/08/01 04:26:53,GOES-16,Brasil,MINAS GERAIS,ITUIUTABA,Cerrado,109,0.0,1.0,-19.2026,-49.5154,98.0
2024/08/01 04:35:58,GOES-16,Brasil,PIAUÍ,BAIXA GRANDE DO RIBEIRO,Cerrado,30,0.0,1.0,-9.1368,-45.295,94.6
2024/08/01 04:35:58,GOES-16,Brasil,PIAUÍ,BAIXA GRANDE DO RIBEIRO,Cerrado,29,0.0,1.0,-9.1372,-45.2722,169.2
2024/08/01 04:36:50,GOES-16,Brasil,MINAS GERAIS,TUPACIGUARA,Cerrado,72,0.0,1.0,-18.5766,-48.8946,63.7
2024/08/01 04:36:53,GOES-16,Brasil,MINAS GERAIS,ITUIUTABA,Cerrado,109,0.0,1.0,-19.1824,-49.5195,92.2
2024/08/01 04:45:58,GOES-16,Brasil,PIAUÍ,BAIXA GRANDE DO RIBEIRO,Cerrado,42,0.0,1.0,-9.1182,-45.2743,61.1
2024/08/01 04:45:58,GOES-16,Brasil,PIAUÍ,BAIXA GRANDE DO RIBEIRO,Cerrado,30,0.0,1.0,-9.1368,-45.295,148.0
2024/08/01 04:45:58,GOES-16,Brasil,PIAUÍ,BAIXA GRANDE DO RIBEIRO,Cerrado,29,0.0,1.0,-9.1372,-45.2722,217.8
2024/08/01 04:46:50,GOES-16,Brasil,MINAS GERAIS,TUPACIGUARA,Cerrado,72,0.0,1.0,-18.5766,-48.8946,97.3
2024/08/01 04:46:53,GOES-16,Brasil,MINAS GERAIS,ITUIUTABA,Cerrado,109,0.0,1.0,-19.1824,-49.5195,81.7
2024/08/01 04:46:28,GOES-16,Brasil,MATO GROSSO,PLANALTO DA SERRA,Cerrado,96,0.0,1.0,-14.4211,-54.8602,59.8
2024/08/01 04:55:58,GOES-16,Brasil,PIAUÍ,BAIXA GRANDE DO RIBEIRO,Cerrado,30,0.0,1.0,-9.1368,-45.295,56.4
2024/08/01 04:55:58,GOES-16,Brasil,PIAUÍ,BAIXA GRANDE DO RIBEIRO,Cerrado,29,0.0,1.0,-9.1372,-45.2722,70.7
2024/08/01 04:56:53,GOES-16,Brasil,MINAS GERAIS,ITUIUTABA,Cerrado,109,0.0,1.0,-19.1824,-49.5195,109.3
2024/08/01 05:06:04,GOES-16,Brasil,TOCANTINS,MATEIROS,Cerrado,96,0.0,1.0,-10.2317,-46.8382,61.3
2024/08/01 05:06:53,GOES-16,Brasil,MINAS GERAIS,ITUIUTABA,Cerrado,109,0.0,1.0,-19.1824,-49.5195,92.4
2024/08/01 05:16:52,GOES-16,Brasil,MINAS GERAIS,ITUIUTABA,Cerrado,109,0.0,1.0,-19.1824,-49.5195,67.3
2024/08/01 05:45:57,GOES-16,Brasil,PIAUÍ,BAIXA GRANDE DO RIBEIRO,Cerrado,29,0.0,1.0,-9.1372,-45.2722,40.5
2024/08/01 05:55:57,GOES-16,Brasil,PIAUÍ,BAIXA GRANDE DO RIBEIRO,Cerrado,42,0.0,1.0,-9.1182,-45.2743,52.5
2024/08/01 05:55:57,GOES-16,Brasil,PIAUÍ,BAIXA GRANDE DO RIBEIRO,Cerrado,29,0.0,1.0,-9.1372,-45.2722,59.8
2024/08/01 03:19:00,NOAA-20,Brasil,MINAS GERAIS,DELFINÓPOLIS,Cerrado,78,0.0,1.0,-20.3799,-46.537,1.2
2024/08/01 03:19:00,NOAA-20,Brasil,MINAS GERAIS,DELFINÓPOLIS,Cerrado,75,0.0,1.0,-20.37346,-46.53356,1.2
2024/08/01 03:19:00,NOAA-20,Brasil,MINAS GERAIS,DELFINÓPOLIS,Cerrado,75,0.0,1.0,-20.37188,-46.53997,6.7
2024/08/01 03:19:00,NOAA-20,Brasil,MINAS GERAIS,DELFINÓPOLIS,Cerrado,75,0.0,1.0,-20.37017,-46.54691,6.7
2024/08/01 03:19:00,NOAA-20,Brasil,MINAS GERAIS,SÃO ROQUE DE MINAS,Cerrado,72,0.0,1.0,-20.36521,-46.53743,3.4
2024/08/01 03:19:00,NOAA-20,Brasil,MINAS GERAIS,SÃO ROQUE DE MINAS,Cerrado,72,0.0,1.0,-20.36332,-46.54512,3.4
2024/08/01 03:19:00,NOAA-20,Brasil,MINAS GERAIS,POMPÉU,Cerrado,114,0.0,1.0,-18.94257,-44.8587,1.1
2024/08/01 03:19:00,NOAA-20,Brasil,MINAS GERAIS,POMPÉU,Cerrado,114,0.0,1.0,-18.93766,-44.85046,1.3
2024/08/01 03:19:00,NOAA-20,Brasil,MINAS GERAIS,MONTES CLAROS,Cerrado,118,0.0,0.97,-16.63874,-44.03337,1.7
2024/08/01 03:19:00,NOAA-20,Brasil,MINAS GERAIS,CAPITÃO ENÉAS,Cerrado,117,0.0,1.0,-16.34891,-43.69587,1.6
2024/08/01 03:17:00,NOAA-20,Brasil,MINAS GERAIS,CÔNEGO MARINHO,Cerrado,57,0.0,1.0,-14.92955,-44.60624,3.5
2024/08/01 03:17:00,NOAA-20,Brasil,MINAS GERAIS,CÔNEGO MARINHO,Cerrado,56,0.0,1.0,-14.9294,-44.60617,6.8
2024/08/01 03:17:00,NOAA-20,Brasil,MINAS GERAIS,CÔNEGO MARINHO,Cerrado,57,0.0,1.0,-14.92813,-44.61274,3.5
2024/08/01 03:17:00,NOAA-20,Brasil,MINAS GERAIS,CÔNEGO MARINHO,Cerrado,57,0.0,1.0,-14.92272,-44.60466,3.5
2024/08/01 03:17:00,NOAA-20,Brasil,MINAS GERAIS,CÔNEGO MARINHO,Cerrado,57,0.0,1.0,-14.92257,-44.60463,1.4
2024/08/01 03:17:00,NOAA-20,Brasil,MINAS GERAIS,CÔNEGO MARINHO,Cerrado,57,0.0,1.0,-14.91125,-44.65702,6.3
2024/08/01 03:17:00,NOAA-20,Brasil,MINAS GERAIS,CÔNEGO MARINHO,Cerrado,57,0.0,1.0,-14.91079,-44.65681,4.7
2024/08/01 06:45:58,GOES-16,Brasil,PIAUÍ,BAIXA GRANDE DO RIBEIRO,Cerrado,29,0.0,1.0,-9.1372,-45.2722,72.9
2024/08/01 05:01:00,NOAA-20,Brasil,MATO GROSSO DO SUL,DOIS IRMÃOS DO BURITI,Cerrado,22,0.0,1.0,-20.56524,-55.56641,0.9
2024/08/01 05:01:00,NOAA-20,Brasil,MATO GROSSO DO SUL,PORTO MURTINHO,Cerrado,3,0.0,1.0,-20.89114,-56.96423,1.3
2024/08/01 05:01:00,NOAA-20,Brasil,MATO GROSSO DO SUL,PORTO MURTINHO,Cerrado,3,0.0,1.0,-20.88838,-56.95995,1.2
2024/08/01 05:01:00,NOAA-20,Brasil,MATO GROSSO DO SUL,PORTO MURTINHO,Cerrado,3,0.0,1.0,-20.88506,-56.95937,1.2
2024/08/01 05:01:00,NOAA-20,Brasil,MATO GROSSO DO SUL,PORTO MURTINHO,Cerrado,4,0.0,0.99,-20.884,-56.94397,1.2
2024/08/01 04:57:00,NOAA-20,Brasil,PIAUÍ,BAIXA GRANDE DO RIBEIRO,Cerrado,33,0.0,1.0,-9.13246,-45.28051,3.5
2024/08/01 04:57:00,NOAA-20,Brasil,PIAUÍ,BAIXA GRANDE DO RIBEIRO,Cerrado,32,0.0,1.0,-9.13344,-45.2731,2.5
2024/08/01 04:57:00,NOAA-20,Brasil,PIAUÍ,BAIXA GRANDE DO RIBEIRO,Cerrado,32,0.0,1.0,-9.13294,-45.27684,3.5
2024/08/01 04:57:00,NOAA-20,Brasil,PIAUÍ,BAIXA GRANDE DO RIBEIRO,Cerrado,33,0.0,1.0,-9.13198,-45.2841,6.2
2024/08/01 04:57:00,NOAA-20,Brasil,PIAUÍ,BAIXA GRANDE DO RIBEIRO,Cerrado,34,0.0,1.0,-9.13104,-45.29124,4.0
2024/08/01 04:57:00,NOAA-20,Brasil,PIAUÍ,GILBUÉS,Cerrado,95,0.0,1.0,-9.73488,-45.39758,0.4
2024/08/01 04:57:00,NOAA-20,Brasil,PIAUÍ,MONTE ALEGRE DO PIAUÍ,Cerrado,88,0.0,1.0,-9.50874,-44.76165,0.7
2024/08/01 05:01:00,NOAA-20,Brasil,MATO GROSSO DO SUL,BODOQUENA,Cerrado,22,0.0,1.0,-20.48026,-56.65515,1.9
2024/08/01 05:01:00,NOAA-20,Brasil,MATO GROSSO DO SUL,PORTO MURTINHO,Cerrado,21,0.0,1.0,-20.44051,-56.93784,1.0
2024/08/01 05:01:00,NOAA-20,Brasil,MATO GROSSO DO SUL,PORTO MURTINHO,Cerrado,22,0.0,1.0,-20.42699,-57.00363,2.8
2024/08/01 05:01:00,NOAA-20,Brasil,MATO GROSSO DO SUL,PORTO MURTINHO,Cerrado,22,0.0,1.0,-20.42367,-57.00306,2.8
2024/08/01 05:01:00,NOAA-20,Brasil,MATO GROSSO DO SUL,PORTO MURTINHO,Cerrado,22,0.0,1.0,-20.41759,-56.99825,2.2
2024/08/01 05:01:00,NOAA-20,Brasil,MATO GROSSO DO SUL,PORTO MURTINHO,Cerrado,22,0.0,1.0,-20.41539,-56.99038,1.4
2024/08/01 05:01:00,NOAA-20,Brasil,MATO GROSSO DO SUL,PORTO MURTINHO,Cerrado,22,0.0,1.0,-20.41483,-56.99402,1.4
2024/08/01 04:57:00,NOAA-20,Brasil,PIAUÍ,BAIXA GRANDE DO RIBEIRO,Cerrado,25,0.0,1.0,-7.88136,-45.09734,0.6
2024/08/01 04:57:00,NOAA-20,Brasil,PIAUÍ,BAIXA GRANDE DO RIBEIRO,Cerrado,25,0.0,1.0,-7.88086,-45.10097,0.6
2024/08/01 04:57:00,NOAA-20,Brasil,PIAUÍ,BAIXA GRANDE DO RIBEIRO,Cerrado,25,0.0,1.0,-7.87444,-45.10732,2.1
2024/08/01 04:57:00,NOAA-20,Brasil,PIAUÍ,BAIXA GRANDE DO RIBEIRO,Cerrado,33,0.0,1.0,-9.13151,-45.28769,6.2
2024/08/01 04:57:00,NOAA-20,Brasil,PIAUÍ,BAIXA GRANDE DO RIBEIRO,Cerrado,36,0.0,1.0,-9.12786,-45.27301,2.5
2024/08/01 04:57:00,NOAA-20,Brasil,PIAUÍ,BAIXA GRANDE DO RIBEIRO,Cerrado,36,0.0,1.0,-9.12691,-45.28025,3.5
2024/08/01 04:57:00,NOAA-20,Brasil,PIAUÍ,BAIXA GRANDE DO RIBEIRO,Cerrado,38,0.0,1.0,-9.12549,-45.29098,4.0
2024/08/01 04:57:00,NOAA-20,Brasil,BAHIA,FORMOSA DO RIO PRETO,Cerrado,88,0.0,1.0,-11.28602,-45.77602,1.1
2024/08/01 04:59:00,NOAA-20,Brasil,SÃO PAULO,CRISTAIS PAULISTA,Cerrado,96,0.0,1.0,-20.4131,-47.41275,0.8
2024/08/01 04:59:00,NOAA-20,Brasil,SÃO PAULO,CRISTAIS PAULISTA,Cerrado,96,0.0,1.0,-20.41295,-47.4128,0.7
2024/08/01 04:59:00,NOAA-20,Brasil,SÃO PAULO,CRISTAIS PAULISTA,Cerrado,97,0.0,1.0,-20.41274,-47.41647,0.8
2024/08/01 04:59:00,NOAA-20,Brasil,SÃO PAULO,CRISTAIS PAULISTA,Cerrado,97,0.0,1.0,-20.41257,-47.41651,0.7
2024/08/01 05:01:00,NOAA-20,Brasil,SÃO PAULO,TAQUARITINGA,Cerrado,31,0.0,1.0,-21.51032,-48.50033,11.6
2024/08/01 05:01:00,NOAA-20,Brasil,SÃO PAULO,TAQUARITINGA,Cerrado,31,0.0,1.0,-21.50999,-48.50365,11.6
2024/08/01 05:01:00,NOAA-20,Brasil,SÃO PAULO,TAQUARITINGA,Cerrado,31,0.0,1.0,-21.50543,-48.49651,8.5
2024/08/01 05:01:00,NOAA-20,Brasil,SÃO PAULO,TAQUARITINGA,Cerrado,31,0.0,1.0,-21.5051,-48.49985,11.6
2024/08/01 05:01:00,NOAA-20,Brasil,SÃO PAULO,TAQUARITINGA,Cerrado,31,0.0,1.0,-21.50476,-48.50317,11.6
2024/08/01 05:01:00,NOAA-20,Brasil,SÃO PAULO,TAQUARITINGA,Cerrado,31,0.0,1.0,-21.42746,-48.53108,3.2
2024/08/01 05:01:00,NOAA-20,Brasil,SÃO PAULO,TAQUARITINGA,Cerrado,31,0.0,1.0,-21.42712,-48.53436,3.2
2024/08/01 05:01:00,NOAA-20,Brasil,SÃO PAULO,TAQUARITINGA,Cerrado,31,0.0,1.0,-21.42679,-48.53761,2.7
2024/08/01 05:01:00,NOAA-20,Brasil,SÃO PAULO,MONTE ALTO,Cerrado,31,0.0,1.0,-21.2398,-48.50321,1.9
2024/08/01 05:01:00,NOAA-20,Brasil,SÃO PAULO,MONTE ALTO,Cerrado,31,0.0,1.0,-21.23947,-48.50655,1.9
2024/08/01 04:55:00,NOAA-20,Brasil,PIAUÍ,JERUMENHA,Cerrado,21,0.0,1.0,-7.23807,-43.64598,1.1
2024/08/01 04:55:00,NOAA-20,Brasil,PIAUÍ,JERUMENHA,Cerrado,21,0.0,1.0,-7.23575,-43.64459,2.3
2024/08/01 04:55:00,NOAA-20,Brasil,PIAUÍ,JERUMENHA,Cerrado,21,0.0,1.0,-7.2352,-43.64889,2.7
2024/08/01 04:55:00,NOAA-20,Brasil,PIAUÍ,JERUMENHA,Cerrado,21,0.0,1.0,-7.23153,-43.64949,1.8
2024/08/01 04:57:00,NOAA-20,Brasil,MINAS GERAIS,CÔNEGO MARINHO,Cerrado,57,0.0,1.0,-14.92841,-44.60432,9.8
2024/08/01 04:57:00,NOAA-20,Brasil,MINAS GERAIS,CÔNEGO MARINHO,Cerrado,57,0.0,1.0,-14.92788,-44.60923,9.2
2024/08/01 04:57:00,NOAA-20,Brasil,BAHIA,JABORANDI,Cerrado,64,0.0,1.0,-14.03653,-45.7563,0.9
2024/08/01 04:55:00,NOAA-20,Brasil,MARANHÃO,CAXIAS,Cerrado,25,0.0,0.49,-4.65864,-43.17859,15.0
2024/08/01 04:55:00,NOAA-20,Brasil,MARANHÃO,CAXIAS,Cerrado,25,0.0,0.49,-4.65644,-43.17862,12.5
2024/08/01 04:57:00,NOAA-20,Brasil,BAHIA,JABORANDI,Cerrado,64,0.0,1.0,-14.03131,-45.75161,1.0
2024/08/01 04:57:00,NOAA-20,Brasil,PIAUÍ,BAIXA GRANDE DO RIBEIRO,Cerrado,37,0.0,1.0,-9.12643,-45.28386,6.2
2024/08/01 04:57:00,NOAA-20,Brasil,PIAUÍ,BAIXA GRANDE DO RIBEIRO,Cerrado,36,0.0,1.0,-9.12739,-45.27665,3.5
2024/08/01 04:57:00,NOAA-20,Brasil,PIAUÍ,BAIXA GRANDE DO RIBEIRO,Cerrado,37,0.0,1.0,-9.12596,-45.28744,6.2
2024/08/01 04:57:00,NOAA-20,Brasil,PIAUÍ,MONTE ALEGRE DO PIAUÍ,Cerrado,88,0.0,1.0,-9.50355,-44.75685,0.7
2024/08/01 04:57:00,NOAA-20,Brasil,PIAUÍ,GILBUÉS,Cerrado,95,0.0,1.0,-9.73442,-45.40117,0.4
2024/08/01 04:59:00,NOAA-20,Brasil,GOIÁS,MINEIROS,Cerrado,109,0.0,1.0,-17.80732,-52.44193,3.5
2024/08/01 04:59:00,NOAA-20,Brasil,GOIÁS,MINEIROS,Cerrado,109,0.0,1.0,-17.80664,-52.44707,2.3
2024/08/01 04:59:00,NOAA-20,Brasil,GOIÁS,MINEIROS,Cerrado,108,0.0,1.0,-17.59594,-52.49866,0.9
2024/08/01 04:59:00,NOAA-20,Brasil,MATO GROSSO DO SUL,RIO NEGRO,Cerrado,84,0.0,1.0,-19.35162,-54.97674,0.5
2024/08/01 04:59:00,NOAA-20,Brasil,MATO GROSSO DO SUL,RIO NEGRO,Cerrado,85,0.0,1.0,-19.34816,-54.97623,0.8
2024/08/01 04:59:00,NOAA-20,Brasil,MINAS GERAIS,LASSANCE,Cerrado,81,0.0,1.0,-17.81255,-44.39856,1.9
2024/08/01 04:59:00,NOAA-20,Brasil,MINAS GERAIS,LASSANCE,Cerrado,82,0.0,1.0,-17.81206,-44.40367,1.9
2024/08/01 04:59:00,NOAA-20,Brasil,MINAS GERAIS,LASSANCE,Cerrado,80,0.0,1.0,-17.8061,-44.39788,1.9
2024/08/01 04:59:00,NOAA-20,Brasil,MINAS GERAIS,LASSANCE,Cerrado,81,0.0,1.0,-17.80561,-44.403,1.9
2024/08/01 04:59:00,NOAA-20,Brasil,MINAS GERAIS,ITAÚNA,Cerrado,104,0.0,1.0,-20.00469,-44.67972,2.3
2024/08/01 04:59:00,NOAA-20,Brasil,MINAS GERAIS,SÃO GONÇALO DO PARÁ,Cerrado,104,0.0,1.0,-19.91658,-44.86815,2.2
2024/08/01 04:59:00,NOAA-20,Brasil,MINAS GERAIS,SÃO GONÇALO DO PARÁ,Cerrado,104,0.0,1.0,-19.91613,-44.87352,1.9
2024/08/01 04:59:00,NOAA-20,Brasil,MINAS GERAIS,SÃO GONÇALO DO PARÁ,Cerrado,104,0.0,1.0,-19.91493,-44.8724,2.9
2024/08/01 04:55:00,NOAA-20,Brasil,MARANHÃO,MATÕES,Cerrado,26,0.0,0.67,-5.57576,-43.26126,4.9
2024/08/01 04:57:00,NOAA-20,Brasil,MINAS GERAIS,CÔNEGO MARINHO,Cerrado,57,0.0,1.0,-14.91653,-44.65709,2.8
2024/08/01 04:57:00,NOAA-20,Brasil,MINAS GERAIS,CÔNEGO MARINHO,Cerrado,57,0.0,1.0,-14.91602,-44.66192,2.8
2024/08/01 04:57:00,NOAA-20,Brasil,MINAS GERAIS,CÔNEGO MARINHO,Cerrado,57,0.0,1.0,-14.91089,-44.65158,2.9
2024/08/01 04:57:00,NOAA-20,Brasil,MINAS GERAIS,CÔNEGO MARINHO,Cerrado,56,0.0,1.0,-14.91038,-44.65644,2.8
2024/08/01 04:59:00,NOAA-20,Brasil,MINAS GERAIS,JANUÁRIA,Cerrado,93,0.0,1.0,-15.48095,-45.1961,0.8
2024/08/01 04:59:00,NOAA-20,Brasil,MINAS GERAIS,JANUÁRIA,Cerrado,94,0.0,1.0,-15.47495,-45.1955,0.8
2024/08/01 04:59:00,NOAA-20,Brasil,MINAS GERAIS,DELFINÓPOLIS,Cerrado,77,0.0,1.0,-20.37795,-46.53598,1.6
2024/08/01 04:59:00,NOAA-20,Brasil,MINAS GERAIS,DELFINÓPOLIS,Cerrado,77,0.0,1.0,-20.37753,-46.54031,1.3
2024/08/01 04:59:00,NOAA-20,Brasil,MINAS GERAIS,DELFINÓPOLIS,Cerrado,77,0.0,1.0,-20.37744,-46.53603,1.5
2024/08/01 04:59:00,NOAA-20,Brasil,MINAS GERAIS,DELFINÓPOLIS,Cerrado,78,0.0,1.0,-20.3771,-46.54465,1.3
2024/08/01 04:59:00,NOAA-20,Brasil,MINAS GERAIS,DELFINÓPOLIS,Cerrado,77,0.0,1.0,-20.37705,-46.54036,1.5
2024/08/01 04:59:00,NOAA-20,Brasil,MINAS GERAIS,DELFINÓPOLIS,Cerrado,77,0.0,1.0,-20.37666,-46.5447,1.1
2024/08/01 04:59:00,NOAA-20,Brasil,MINAS GERAIS,DELFINÓPOLIS,Cerrado,75,0.0,1.0,-20.3716,-46.54076,1.6
2024/08/01 04:59:00,NOAA-20,Brasil,MINAS GERAIS,DELFINÓPOLIS,Cerrado,75,0.0,1.0,-20.37118,-46.54506,1.6
2024/08/01 04:59:00,NOAA-20,Brasil,MINAS GERAIS,DELFINÓPOLIS,Cerrado,75,0.0,1.0,-20.37113,-46.54076,1.6
2024/08/01 04:59:00,NOAA-20,Brasil,MINAS GERAIS,DELFINÓPOLIS,Cerrado,75,0.0,1.0,-20.37078,-46.54924,1.6
2024/08/01 04:59:00,NOAA-20,Brasil,MINAS GERAIS,DELFINÓPOLIS,Cerrado,75,0.0,1.0,-20.37074,-46.54504,2.2
2024/08/01 04:59:00,NOAA-20,Brasil,MINAS GERAIS,DELFINÓPOLIS,Cerrado,75,0.0,1.0,-20.37037,-46.54924,2.2
2024/08/01 04:59:00,NOAA-20,Brasil,MINAS GERAIS,SÃO ROQUE DE MINAS,Cerrado,73,0.0,1.0,-20.36575,-46.54041,1.6
2024/08/01 04:59:00,NOAA-20,Brasil,MINAS GERAIS,SÃO ROQUE DE MINAS,Cerrado,72,0.0,1.0,-20.36529,-46.54035,1.6
2024/08/01 04:59:00,NOAA-20,Brasil,MINAS GERAIS,CAMPOS ALTOS,Cerrado,73,0.0,1.0,-19.63643,-46.25164,1.1
2024/08/01 04:55:00,NOAA-20,Brasil,MARANHÃO,ANAPURUS,Cerrado,23,0.0,0.66,-3.4877,-43.07383,2.3
2024/08/01 04:55:00,NOAA-20,Brasil,MARANHÃO,ANAPURUS,Cerrado,23,0.0,0.47,-3.48709,-43.07789,2.3
2024/08/01 04:55:00,NOAA-20,Brasil,MARANHÃO,ANAPURUS,Cerrado,23,0.0,0.69,-3.48705,-43.07298,2.5
2024/08/01 04:55:00,NOAA-20,Brasil,MARANHÃO,ANAPURUS,Cerrado,23,0.0,0.5,-3.48646,-43.07707,2.5
2024/08/01 04:55:00,NOAA-20,Brasil,MARANHÃO,CODÓ,Cerrado,25,0.0,0.47,-4.66405,-43.80663,1.3
2024/08/01 04:55:00,NOAA-20,Brasil,MARANHÃO,CAXIAS,Cerrado,25,0.0,0.49,-4.65802,-43.18285,19.2
2024/08/01 04:55:00,NOAA-20,Brasil,MARANHÃO,CAXIAS,Cerrado,25,0.0,0.49,-4.65584,-43.18288,12.5
2024/08/01 04:55:00,NOAA-20,Brasil,MARANHÃO,ALDEIAS ALTAS,Cerrado,25,0.0,0.48,-4.61293,-43.20267,2.0
2024/08/01 04:55:00,NOAA-20,Brasil,MARANHÃO,ALDEIAS ALTAS,Cerrado,24,0.0,0.48,-4.61233,-43.20689,2.0
2024/08/01 04:55:00,NOAA-20,Brasil,MARANHÃO,ALDEIAS ALTAS,Cerrado,25,0.0,0.46,-4.55006,-43.27174,2.0
2024/08/01 04:55:00,NOAA-20,Brasil,MARANHÃO,ALDEIAS ALTAS,Cerrado,25,0.0,0.46,-4.54944,-43.27594,2.0
2024/08/01 04:55:00,NOAA-20,Brasil,MARANHÃO,ALDEIAS ALTAS,Cerrado,25,0.0,0.46,-4.54916,-43.27101,4.4
2024/08/01 04:55:00,NOAA-20,Brasil,MARANHÃO,ALDEIAS ALTAS,Cerrado,25,0.0,0.46,-4.54857,-43.27522,4.4
2024/08/01 04:55:00,NOAA-20,Brasil,MARANHÃO,ALDEIAS ALTAS,Cerrado,25,0.0,0.46,-4.54419,-43.27092,2.0
2024/08/01 04:55:00,NOAA-20,Brasil,MARANHÃO,ALDEIAS ALTAS,Cerrado,25,0.0,0.46,-4.54356,-43.27517,2.0
2024/08/01 04:55:00,NOAA-20,Brasil,MARANHÃO,CODÓ,Cerrado,40,0.0,0.66,-4.4777,-43.77828,3.3
2024/08/01 04:55:00,NOAA-20,Brasil,MARANHÃO,CODÓ,Cerrado,39,0.0,0.63,-4.47716,-43.78205,3.3
2024/08/01 04:55:00,NOAA-20,Brasil,MARANHÃO,CODÓ,Cerrado,40,0.0,0.56,-4.475,-43.77778,1.3
2024/08/01 04:55:00,NOAA-20,Brasil,MARANHÃO,CODÓ,Cerrado,40,0.0,0.56,-4.47444,-43.78156,1.3
2024/08/01 04:55:00,NOAA-20,Brasil,MARANHÃO,ALDEIAS ALTAS,Cerrado,25,0.0,0.36,-4.35504,-43.26282,0.8
2024/08/01 04:55:00,NOAA-20,Brasil,MARANHÃO,ALDEIAS ALTAS,Cerrado,24,0.0,0.36,-4.35445,-43.26697,0.8
2024/08/01 04:55:00,NOAA-20,Brasil,MARANHÃO,CODÓ,Cerrado,25,0.0,0.84,-4.34486,-43.49936,6.9
2024/08/01 04:55:00,NOAA-20,Brasil,MARANHÃO,CODÓ,Cerrado,25,0.0,0.86,-4.34429,-43.50333,4.7
2024/08/01 04:55:00,NOAA-20,Brasil,MARANHÃO,CODÓ,Cerrado,25,0.0,0.8,-4.3391,-43.49847,6.0
2024/08/01 04:55:00,NOAA-20,Brasil,MARANHÃO,CODÓ,Cerrado,25,0.0,0.85,-4.33853,-43.50246,2.6
2024/08/01 04:55:00,NOAA-20,Brasil,MARANHÃO,CODÓ,Cerrado,25,0.0,0.75,-4.33276,-43.50166,2.6
2024/08/01 04:55:00,NOAA-20,Brasil,MARANHÃO,CODÓ,Cerrado,25,0.0,0.5,-4.32699,-43.50086,0.8
2024/08/01 04:55:00,NOAA-20,Brasil,MARANHÃO,CHAPADINHA,Cerrado,0,0.0,0.36,-4.02944,-43.25882,3.2
2024/08/01 04:55:00,NOAA-20,Brasil,MARANHÃO,CHAPADINHA,Cerrado,0,0.0,0.48,-4.02478,-43.24974,2.8
2024/08/01 04:55:00,NOAA-20,Brasil,MARANHÃO,CHAPADINHA,Cerrado,0,0.0,0.27,-4.02361,-43.25795,3.2
2024/08/01 04:55:00,NOAA-20,Brasil,MARANHÃO,CHAPADINHA,Cerrado,0,0.0,0.23,-4.02303,-43.26206,6.1
2024/08/01 04:55:00,NOAA-20,Brasil,MARANHÃO,PARAIBANO,Cerrado,50,0.0,1.0,-6.40672,-43.8385,2.3
2024/08/01 04:55:00,NOAA-20,Brasil,MARANHÃO,PASSAGEM FRANCA,Cerrado,28,0.0,1.0,-6.14292,-43.56031,5.1
2024/08/01 04:55:00,NOAA-20,Brasil,MARANHÃO,PASSAGEM FRANCA,Cerrado,28,0.0,1.0,-6.14232,-43.56469,3.3
2024/08/01 04:55:00,NOAA-20,Brasil,MARANHÃO,PARNARAMA,Cerrado,66,0.0,0.98,-5.63057,-43.62831,1.5
2024/08/01 04:55:00,NOAA-20,Brasil,MARANHÃO,PARNARAMA,Cerrado,66,0.0,1.0,-5.62998,-43.63243,1.5
2024/08/01 04:55:00,NOAA-20,Brasil,MARANHÃO,FORTUNA,Cerrado,65,0.0,0.79,-5.60665,-43.96042,1.0
2024/08/01 04:55:00,NOAA-20,Brasil,MARANHÃO,FORTUNA,Cerrado,66,0.0,0.81,-5.60305,-43.95876,2.5
2024/08/01 04:55:00,NOAA-20,Brasil,MARANHÃO,FORTUNA,Cerrado,65,0.0,0.86,-5.60252,-43.96267,2.5
2024/08/01 04:55:00,NOAA-20,Brasil,MARANHÃO,FORTUNA,Cerrado,66,0.0,0.84,-5.60097,-43.95949,2.0
2024/08/01 04:55:00,NOAA-20,Brasil,MARANHÃO,FORTUNA,Cerrado,66,0.0,0.91,-5.60041,-43.96341,2.0
2024/08/01 04:55:00,NOAA-20,Brasil,MARANHÃO,MIRADOR,Cerrado,38,0.0,1.0,-6.35143,-44.28589,1.2
2024/08/01 04:55:00,NOAA-20,Brasil,MARANHÃO,MIRADOR,Cerrado,38,0.0,1.0,-6.34581,-44.285,1.2
2024/08/01 04:55:00,NOAA-20,Brasil,MARANHÃO,MIRADOR,Cerrado,40,0.0,1.0,-6.34524,-44.28916,2.4
2024/08/01 04:55:00,NOAA-20,Brasil,MARANHÃO,MIRADOR,Cerrado,38,0.0,1.0,-6.33962,-44.28824,1.7
2024/08/01 04:55:00,NOAA-20,Brasil,MARANHÃO,SUCUPIRA DO NORTE,Cerrado,21,0.0,1.0,-6.26064,-44.16884,1.2
2024/08/01 04:55:00,NOAA-20,Brasil,MARANHÃO,COLINAS,Cerrado,21,0.0,1.0,-6.25497,-44.16809,1.2
2024/08/01 04:55:00,NOAA-20,Brasil,MARANHÃO,TUNTUM,Cerrado,61,0.0,0.86,-5.72113,-44.8187,1.7
2024/08/01 04:55:00,NOAA-20,Brasil,MARANHÃO,MIRADOR,Cerrado,25,0.0,1.0,-6.64275,-44.74064,1.2
2024/08/01 04:55:00,NOAA-20,Brasil,MARANHÃO,MIRADOR,Cerrado,25,0.0,1.0,-6.64223,-44.74434,1.2
2024/08/01 04:55:00,NOAA-20,Brasil,MARANHÃO,MIRADOR,Cerrado,28,0.0,1.0,-6.63727,-44.7398,1.2
2024/08/01 04:55:00,NOAA-20,Brasil,MARANHÃO,MIRADOR,Cerrado,29,0.0,1.0,-6.63672,-44.74373,1.2
2024/08/01 04:55:00,NOAA-20,Brasil,MARANHÃO,MIRADOR,Cerrado,34,0.0,1.0,-6.62816,-44.72479,1.6
2024/08/01 04:55:00,NOAA-20,Brasil,MARANHÃO,MIRADOR,Cerrado,34,0.0,1.0,-6.62767,-44.72828,1.6
2024/08/01 04:55:00,NOAA-20,Brasil,MARANHÃO,MIRADOR,Cerrado,35,0.0,1.0,-6.62721,-44.73162,2.0
2024/08/01 04:55:00,NOAA-20,Brasil,MARANHÃO,MIRADOR,Cerrado,28,0.0,1.0,-6.6237,-44.59342,1.1
2024/08/01 04:55:00,NOAA-20,Brasil,MARANHÃO,MIRADOR,Cerrado,38,0.0,1.0,-6.62217,-44.72755,1.4
2024/08/01 04:55:00,NOAA-20,Brasil,MARANHÃO,MIRADOR,Cerrado,29,0.0,1.0,-6.61823,-44.59215,1.6
2024/08/01 04:55:00,NOAA-20,Brasil,MARANHÃO,MIRADOR,Cerrado,30,0.0,1.0,-6.6177,-44.59603,1.8
2024/08/01 04:57:00,NOAA-20,Brasil,MARANHÃO,LORETO,Cerrado,25,0.0,1.0,-7.48661,-45.11593,1.8
2024/08/01 04:57:00,NOAA-20,Brasil,MARANHÃO,LORETO,Cerrado,25,0.0,1.0,-7.48619,-45.11912,2.2
2024/08/01 04:57:00,NOAA-20,Brasil,MARANHÃO,LORETO,Cerrado,24,0.0,1.0,-7.48435,-45.11691,0.8
2024/08/01 04:57:00,NOAA-20,Brasil,MARANHÃO,LORETO,Cerrado,25,0.0,1.0,-7.4839,-45.12008,0.4
2024/08/01 04:57:00,NOAA-20,Brasil,MARANHÃO,LORETO,Cerrado,25,0.0,1.0,-7.48114,-45.11559,1.8
2024/08/01 04:57:00,NOAA-20,Brasil,MARANHÃO,LORETO,Cerrado,25,0.0,1.0,-7.48073,-45.11866,2.2
2024/08/01 04:57:00,NOAA-20,Brasil,MARANHÃO,LORETO,Cerrado,25,0.0,1.0,-7.4793,-45.11346,3.4
2024/08/01 04:57:00,NOAA-20,Brasil,MARANHÃO,LORETO,Cerrado,25,0.0,1.0,-7.47888,-45.11652,3.4
2024/08/01 04:57:00,NOAA-20,Brasil,MARANHÃO,LORETO,Cerrado,25,0.0,1.0,-7.47845,-45.11958,8.8
2024/08/01 04:57:00,NOAA-20,Brasil,MARANHÃO,LORETO,Cerrado,25,0.0,1.0,-7.47569,-45.11503,10.4
2024/08/01 04:57:00,NOAA-20,Brasil,MARANHÃO,LORETO,Cerrado,25,0.0,1.0,-7.47528,-45.11814,7.8
2024/08/01 04:57:00,NOAA-20,Brasil,MARANHÃO,LORETO,Cerrado,25,0.0,1.0,-7.47388,-45.11274,3.4
2024/08/01 04:57:00,NOAA-20,Brasil,MARANHÃO,LORETO,Cerrado,25,0.0,1.0,-7.47344,-45.11589,3.4
2024/08/01 04:57:00,NOAA-20,Brasil,MARANHÃO,LORETO,Cerrado,25,0.0,1.0,-7.4094,-45.18119,1.3
2024/08/01 04:57:00,NOAA-20,Brasil,MARANHÃO,LORETO,Cerrado,25,0.0,1.0,-7.40402,-45.18032,10.0
2024/08/01 04:57:00,NOAA-20,Brasil,MARANHÃO,LORETO,Cerrado,25,0.0,1.0,-7.40355,-45.18382,10.0
2024/08/01 04:57:00,NOAA-20,Brasil,MARANHÃO,LORETO,Cerrado,25,0.0,1.0,-7.40308,-45.1873,7.5
2024/08/01 04:55:00,NOAA-20,Brasil,MARANHÃO,SÃO FÉLIX DE BALSAS,Cerrado,32,0.0,1.0,-7.35837,-44.93543,4.0
2024/08/01 04:55:00,NOAA-20,Brasil,MARANHÃO,SÃO FÉLIX DE BALSAS,Cerrado,30,0.0,1.0,-7.35787,-44.93907,3.9
2024/08/01 04:55:00,NOAA-20,Brasil,MARANHÃO,SÃO FÉLIX DE BALSAS,Cerrado,28,0.0,1.0,-7.35738,-44.94265,3.9
2024/08/01 04:55:00,NOAA-20,Brasil,MARANHÃO,SÃO FÉLIX DE BALSAS,Cerrado,33,0.0,1.0,-7.35287,-44.93488,6.6
2024/08/01 04:55:00,NOAA-20,Brasil,MARANHÃO,SÃO FÉLIX DE BALSAS,Cerrado,32,0.0,1.0,-7.35237,-44.93851,2.3
2024/08/01 04:55:00,NOAA-20,Brasil,MARANHÃO,SÃO FÉLIX DE BALSAS,Cerrado,30,0.0,1.0,-7.35189,-44.94203,2.3
2024/08/01 04:55:00,NOAA-20,Brasil,MARANHÃO,SÃO FÉLIX DE BALSAS,Cerrado,34,0.0,1.0,-7.34688,-44.93786,2.3
2024/08/01 04:57:00,NOAA-20,Brasil,TOCANTINS,MATEIROS,Cerrado,98,0.0,1.0,-10.44589,-45.97261,1.8
2024/08/01 04:57:00,NOAA-20,Brasil,TOCANTINS,MATEIROS,Cerrado,95,0.0,1.0,-10.41604,-45.95177,1.3
2024/08/01 04:57:00,NOAA-20,Brasil,TOCANTINS,MATEIROS,Cerrado,95,0.0,1.0,-10.41113,-45.94774,1.2
2024/08/01 04:59:00,NOAA-20,Brasil,MINAS GERAIS,LAGOA GRANDE,Cerrado,105,0.0,1.0,-17.62701,-46.4205,1.4
2024/08/01 04:59:00,NOAA-20,Brasil,MINAS GERAIS,LAGOA GRANDE,Cerrado,105,0.0,1.0,-17.62136,-46.41962,0.9
2024/08/01 04:59:00,NOAA-20,Brasil,MINAS GERAIS,LAGOA GRANDE,Cerrado,106,0.0,1.0,-17.62092,-46.42373,0.9
2024/08/01 04:59:00,NOAA-20,Brasil,MINAS GERAIS,ROMARIA,Cerrado,109,0.0,1.0,-18.92245,-47.58803,3.1
2024/08/01 04:59:00,NOAA-20,Brasil,MINAS GERAIS,ROMARIA,Cerrado,109,0.0,1.0,-18.92208,-47.59156,3.8
2024/08/01 04:59:00,NOAA-20,Brasil,MINAS GERAIS,ROMARIA,Cerrado,109,0.0,1.0,-18.91712,-47.58708,1.6
2024/08/01 04:59:00,NOAA-20,Brasil,MINAS GERAIS,ROMARIA,Cerrado,109,0.0,1.0,-18.91676,-47.59063,2.7
2024/08/01 04:59:00,NOAA-20,Brasil,MINAS GERAIS,PATROCÍNIO,Cerrado,105,0.0,1.0,-18.88741,-46.82903,0.7
2024/08/01 04:59:00,NOAA-20,Brasil,MINAS GERAIS,PATROCÍNIO,Cerrado,105,0.0,1.0,-18.8841,-46.82807,0.7
2024/08/01 04:59:00,NOAA-20,Brasil,MINAS GERAIS,PATROCÍNIO,Cerrado,105,0.0,1.0,-18.88368,-46.832,0.7
2024/08/01 04:59:00,NOAA-20,Brasil,MINAS GERAIS,PATROCÍNIO,Cerrado,105,0.0,1.0,-18.88175,-46.82876,0.7
2024/08/01 04:59:00,NOAA-20,Brasil,MINAS GERAIS,UBERABA,Cerrado,108,0.0,1.0,-19.93647,-47.90625,1.1
2024/08/01 04:55:00,NOAA-20,Brasil,MARANHÃO,GRAJAÚ,Cerrado,24,0.0,1.0,-6.11036,-45.94592,1.9
2024/08/01 04:55:00,NOAA-20,Brasil,MARANHÃO,GRAJAÚ,Cerrado,24,0.0,1.0,-6.10995,-45.9488,2.2
2024/08/01 04:55:00,NOAA-20,Brasil,MARANHÃO,GRAJAÚ,Cerrado,24,0.0,1.0,-6.10955,-45.95169,2.2
2024/08/01 04:55:00,NOAA-20,Brasil,MARANHÃO,GRAJAÚ,Cerrado,24,0.0,1.0,-6.10532,-45.9453,1.9
2024/08/01 04:55:00,NOAA-20,Brasil,MARANHÃO,GRAJAÚ,Cerrado,24,0.0,1.0,-6.10492,-45.94818,2.2
2024/08/01 04:55:00,NOAA-20,Brasil,MARANHÃO,GRAJAÚ,Cerrado,24,0.0,0.98,-5.6405,-45.72942,1.4
2024/08/01 04:55:00,NOAA-20,Brasil,MARANHÃO,GRAJAÚ,Cerrado,24,0.0,0.98,-5.64006,-45.73245,1.1
2024/08/01 04:55:00,NOAA-20,Brasil,MARANHÃO,GRAJAÚ,Cerrado,24,0.0,0.99,-5.63963,-45.73549,1.1
2024/08/01 04:55:00,NOAA-20,Brasil,MARANHÃO,GRAJAÚ,Cerrado,24,0.0,0.95,-5.63546,-45.72855,0.2
2024/08/01 04:55:00,NOAA-20,Brasil,MARANHÃO,GRAJAÚ,Cerrado,21,0.0,0.95,-5.55368,-45.80189,2.7
2024/08/01 04:55:00,NOAA-20,Brasil,MARANHÃO,BARRA DO CORDA,Cerrado,21,0.0,0.86,-5.31735,-45.44823,1.5
2024/08/01 04:55:00,NOAA-20,Brasil,MARANHÃO,BARRA DO CORDA,Cerrado,21,0.0,0.83,-5.31225,-45.4473,3.5
2024/08/01 04:55:00,NOAA-20,Brasil,MARANHÃO,BARRA DO CORDA,Cerrado,21,0.0,0.83,-5.31182,-45.45031,2.5
2024/08/01 04:57:00,NOAA-20,Brasil,MARANHÃO,RIACHÃO,Cerrado,78,0.0,1.0,-7.60955,-46.55504,1.9
2024/08/01 04:57:00,NOAA-20,Brasil,MARANHÃO,RIACHÃO,Cerrado,78,0.0,1.0,-7.60796,-46.55358,1.5
2024/08/01 04:57:00,NOAA-20,Brasil,MARANHÃO,RIACHÃO,Cerrado,78,0.0,1.0,-7.60718,-46.55903,1.5
2024/08/01 04:57:00,NOAA-20,Brasil,MARANHÃO,RIACHÃO,Cerrado,78,0.0,1.0,-7.60686,-46.53779,1.6
2024/08/01 04:57:00,NOAA-20,Brasil,MARANHÃO,RIACHÃO,Cerrado,78,0.0,1.0,-7.60657,-46.57705,1.5
2024/08/01 04:57:00,NOAA-20,Brasil,MARANHÃO,RIACHÃO,Cerrado,78,0.0,1.0,-7.6061,-46.54339,1.6
2024/08/01 04:57:00,NOAA-20,Brasil,MARANHÃO,RIACHÃO,Cerrado,78,0.0,1.0,-7.60583,-46.58253,0.9
2024/08/01 04:57:00,NOAA-20,Brasil,MARANHÃO,RIACHÃO,Cerrado,78,0.0,1.0,-7.60536,-46.54893,2.0
2024/08/01 04:57:00,NOAA-20,Brasil,MARANHÃO,RIACHÃO,Cerrado,78,0.0,1.0,-7.60461,-46.54191,1.6
2024/08/01 04:57:00,NOAA-20,Brasil,MARANHÃO,RIACHÃO,Cerrado,78,0.0,1.0,-7.60381,-46.54747,1.6
2024/08/01 04:55:00,NOAA-20,Brasil,MARANHÃO,SÃO RAIMUNDO DAS MANGABEIRAS,Cerrado,25,0.0,1.0,-7.18877,-45.82151,2.9
2024/08/01 04:55:00,NOAA-20,Brasil,MARANHÃO,SÃO RAIMUNDO DAS MANGABEIRAS,Cerrado,25,0.0,1.0,-7.18834,-45.82467,4.6
2024/08/01 04:55:00,NOAA-20,Brasil,MARANHÃO,SÃO RAIMUNDO DAS MANGABEIRAS,Cerrado,25,0.0,1.0,-7.18361,-45.82089,2.9
2024/08/01 04:55:00,NOAA-20,Brasil,MARANHÃO,SÃO RAIMUNDO DAS MANGABEIRAS,Cerrado,25,0.0,1.0,-7.18318,-45.82412,4.6
2024/08/01 04:55:00,NOAA-20,Brasil,MARANHÃO,FORTALEZA DOS NOGUEIRAS,Cerrado,78,0.0,1.0,-7.10361,-46.00097,2.0
2024/08/01 04:55:00,NOAA-20,Brasil,MARANHÃO,FORTALEZA DOS NOGUEIRAS,Cerrado,78,0.0,1.0,-7.10059,-45.98557,0.9
2024/08/01 04:55:00,NOAA-20,Brasil,MARANHÃO,FORTALEZA DOS NOGUEIRAS,Cerrado,78,0.0,1.0,-7.10018,-45.98848,0.9
2024/08/01 04:55:00,NOAA-20,Brasil,MARANHÃO,FORTALEZA DOS NOGUEIRAS,Cerrado,77,0.0,1.0,-7.09977,-45.99142,1.2
2024/08/01 04:55:00,NOAA-20,Brasil,MARANHÃO,FORTALEZA DOS NOGUEIRAS,Cerrado,77,0.0,1.0,-7.09936,-45.99436,1.2
2024/08/01 04:55:00,NOAA-20,Brasil,MARANHÃO,FORTALEZA DOS NOGUEIRAS,Cerrado,77,0.0,1.0,-7.09896,-45.99726,2.3
2024/08/01 04:55:00,NOAA-20,Brasil,MARANHÃO,FORTALEZA DOS NOGUEIRAS,Cerrado,77,0.0,1.0,-7.09856,-46.00012,2.3
2024/08/01 04:55:00,NOAA-20,Brasil,MARANHÃO,FORTALEZA DOS NOGUEIRAS,Cerrado,77,0.0,1.0,-7.0943,-45.99354,1.2
2024/08/01 04:55:00,NOAA-20,Brasil,MARANHÃO,FORTALEZA DOS NOGUEIRAS,Cerrado,76,0.0,1.0,-7.08962,-45.98993,0.6
2024/08/01 04:55:00,NOAA-20,Brasil,MARANHÃO,FORTALEZA DOS NOGUEIRAS,Cerrado,76,0.0,1.0,-7.08672,-46.01087,3.1
2024/08/01 04:55:00,NOAA-20,Brasil,MARANHÃO,FORTALEZA DOS NOGUEIRAS,Cerrado,76,0.0,1.0,-7.0863,-46.01387,4.0
2024/08/01 04:55:00,NOAA-20,Brasil,MARANHÃO,FORTALEZA DOS NOGUEIRAS,Cerrado,76,0.0,1.0,-7.08412,-45.99231,0.6
2024/08/01 04:55:00,NOAA-20,Brasil,MARANHÃO,FORTALEZA DOS NOGUEIRAS,Cerrado,76,0.0,1.0,-7.0833,-45.99821,2.6
2024/08/01 04:55:00,NOAA-20,Brasil,MARANHÃO,FORTALEZA DOS NOGUEIRAS,Cerrado,76,0.0,1.0,-7.0829,-46.00112,4.9
2024/08/01 04:55:00,NOAA-20,Brasil,MARANHÃO,FORTALEZA DOS NOGUEIRAS,Cerrado,76,0.0,1.0,-7.08249,-46.00406,4.9
2024/08/01 04:55:00,NOAA-20,Brasil,MARANHÃO,FORTALEZA DOS NOGUEIRAS,Cerrado,76,0.0,1.0,-7.08165,-46.01015,3.1
2024/08/01 04:55:00,NOAA-20,Brasil,MARANHÃO,FORTALEZA DOS NOGUEIRAS,Cerrado,76,0.0,1.0,-7.08123,-46.01317,4.0
2024/08/01 04:55:00,NOAA-20,Brasil,MARANHÃO,FORTALEZA DOS NOGUEIRAS,Cerrado,76,0.0,1.0,-7.08083,-46.01609,4.0
2024/08/01 04:55:00,NOAA-20,Brasil,MARANHÃO,FORTALEZA DOS NOGUEIRAS,Cerrado,75,0.0,1.0,-7.07822,-45.99756,2.6
2024/08/01 04:55:00,NOAA-20,Brasil,MARANHÃO,FORTALEZA DOS NOGUEIRAS,Cerrado,75,0.0,1.0,-7.07782,-46.00046,4.6
2024/08/01 04:55:00,NOAA-20,Brasil,MARANHÃO,FORTALEZA DOS NOGUEIRAS,Cerrado,75,0.0,1.0,-7.07742,-46.00337,4.6
2024/08/01 04:57:00,NOAA-20,Brasil,MARANHÃO,BALSAS,Cerrado,96,0.0,1.0,-9.36817,-46.67955,0.8
2024/08/01 04:57:00,NOAA-20,Brasil,TOCANTINS,LIZARDA,Cerrado,78,0.0,1.0,-8.99538,-47.20073,2.6
2024/08/01 04:57:00,NOAA-20,Brasil,MARANHÃO,BALSAS,Cerrado,96,0.0,1.0,-9.36778,-46.68241,0.8
2024/08/01 04:57:00,NOAA-20,Brasil,MARANHÃO,BALSAS,Cerrado,96,0.0,1.0,-9.3674,-46.68526,1.0
2024/08/01 04:57:00,NOAA-20,Brasil,MARANHÃO,BALSAS,Cerrado,95,0.0,1.0,-8.51034,-46.30397,0.5
2024/08/01 04:57:00,NOAA-20,Brasil,MARANHÃO,BALSAS,Cerrado,95,0.0,1.0,-8.50483,-46.30655,1.5
2024/08/01 04:57:00,NOAA-20,Brasil,MARANHÃO,BALSAS,Cerrado,90,0.0,1.0,-8.27931,-46.17447,2.8
2024/08/01 04:57:00,NOAA-20,Brasil,MARANHÃO,BALSAS,Cerrado,89,0.0,1.0,-8.27889,-46.17745,1.6
2024/08/01 04:57:00,NOAA-20,Brasil,MARANHÃO,BALSAS,Cerrado,89,0.0,1.0,-8.27849,-46.18035,1.6
2024/08/01 04:57:00,NOAA-20,Brasil,MARANHÃO,BALSAS,Cerrado,89,0.0,1.0,-8.27346,-46.17915,1.4
2024/08/01 04:57:00,NOAA-20,Brasil,MARANHÃO,BALSAS,Cerrado,91,0.0,1.0,-8.26444,-46.16921,1.0
2024/08/01 04:57:00,NOAA-20,Brasil,MARANHÃO,BALSAS,Cerrado,90,0.0,1.0,-8.26402,-46.17223,1.0
2024/08/01 04:57:00,NOAA-20,Brasil,MARANHÃO,BALSAS,Cerrado,90,0.0,1.0,-8.2636,-46.1753,1.6
2024/08/01 04:57:00,NOAA-20,Brasil,MARANHÃO,BALSAS,Cerrado,89,0.0,1.0,-8.26319,-46.17832,1.6
2024/08/01 04:57:00,NOAA-20,Brasil,MARANHÃO,BALSAS,Cerrado,91,0.0,1.0,-8.25897,-46.1712,1.0
2024/08/01 04:57:00,NOAA-20,Brasil,MARANHÃO,BALSAS,Cerrado,90,0.0,1.0,-8.25855,-46.17426,1.6
2024/08/01 04:57:00,NOAA-20,Brasil,MARANHÃO,BALSAS,Cerrado,90,0.0,1.0,-8.25812,-46.17736,1.6
2024/08/01 04:57:00,NOAA-20,Brasil,MARANHÃO,BALSAS,Cerrado,89,0.0,1.0,-8.25772,-46.18028,5.8
2024/08/01 04:57:00,NOAA-20,Brasil,MARANHÃO,BALSAS,Cerrado,92,0.0,1.0,-8.25474,-46.16409,2.2
2024/08/01 04:57:00,NOAA-20,Brasil,MARANHÃO,BALSAS,Cerrado,91,0.0,1.0,-8.25435,-46.16694,1.0
2024/08/01 04:57:00,NOAA-20,Brasil,TOCANTINS,CAMPOS LINDOS,Cerrado,78,0.0,1.0,-7.98952,-46.67952,2.9
2024/08/01 04:57:00,NOAA-20,Brasil,TOCANTINS,CAMPOS LINDOS,Cerrado,78,0.0,1.0,-7.98874,-46.68508,2.9
2024/08/01 04:57:00,NOAA-20,Brasil,TOCANTINS,CAMPOS LINDOS,Cerrado,78,0.0,1.0,-7.9846,-46.67889,2.9
2024/08/01 04:57:00,NOAA-20,Brasil,TOCANTINS,MATEIROS,Cerrado,101,0.0,1.0,-10.45528,-45.98375,1.2
2024/08/01 04:57:00,NOAA-20,Brasil,TOCANTINS,MATEIROS,Cerrado,101,0.0,1.0,-10.45348,-45.98352,1.4
2024/08/01 04:57:00,NOAA-20,Brasil,TOCANTINS,MATEIROS,Cerrado,102,0.0,1.0,-10.45265,-45.99019,0.8
2024/08/01 04:57:00,NOAA-20,Brasil,TOCANTINS,MATEIROS,Cerrado,99,0.0,1.0,-10.44547,-45.97588,1.2
2024/08/01 04:57:00,NOAA-20,Brasil,TOCANTINS,MATEIROS,Cerrado,99,0.0,1.0,-10.44504,-45.97914,1.2
2024/08/01 04:57:00,NOAA-20,Brasil,TOCANTINS,MATEIROS,Cerrado,98,0.0,1.0,-10.44057,-45.97186,1.5
2024/08/01 04:57:00,NOAA-20,Brasil,TOCANTINS,MATEIROS,Cerrado,94,0.0,1.0,-10.42152,-46.65325,2.0
2024/08/01 04:57:00,NOAA-20,Brasil,TOCANTINS,MATEIROS,Cerrado,94,0.0,1.0,-10.41711,-46.64729,4.0
2024/08/01 04:57:00,NOAA-20,Brasil,TOCANTINS,MATEIROS,Cerrado,94,0.0,1.0,-10.41677,-46.64995,2.9
2024/08/01 04:57:00,NOAA-20,Brasil,TOCANTINS,MATEIROS,Cerrado,94,0.0,1.0,-10.4083,-46.63525,12.5
2024/08/01 04:57:00,NOAA-20,Brasil,TOCANTINS,MATEIROS,Cerrado,94,0.0,1.0,-10.40797,-46.63784,6.7
2024/08/01 04:57:00,NOAA-20,Brasil,TOCANTINS,MATEIROS,Cerrado,94,0.0,1.0,-10.40764,-46.64036,6.7
2024/08/01 04:57:00,NOAA-20,Brasil,TOCANTINS,MATEIROS,Cerrado,94,0.0,1.0,-10.40263,-46.639,6.7
2024/08/01 04:57:00,NOAA-20,Brasil,TOCANTINS,MATEIROS,Cerrado,94,0.0,1.0,-10.40228,-46.64172,4.0
2024/08/01 04:57:00,NOAA-20,Brasil,TOCANTINS,MATEIROS,Cerrado,94,0.0,1.0,-10.3972,-46.6409,2.8
2024/08/01 04:57:00,NOAA-20,Brasil,TOCANTINS,MATEIROS,Cerrado,95,0.0,1.0,-10.2372,-46.8176,3.9
2024/08/01 04:57:00,NOAA-20,Brasil,TOCANTINS,MATEIROS,Cerrado,95,0.0,1.0,-10.23681,-46.82047,2.7
2024/08/01 04:57:00,NOAA-20,Brasil,TOCANTINS,MATEIROS,Cerrado,95,0.0,1.0,-10.23643,-46.82334,2.7
2024/08/01 04:57:00,NOAA-20,Brasil,TOCANTINS,MATEIROS,Cerrado,96,0.0,1.0,-10.22906,-46.84015,3.9
2024/08/01 04:57:00,NOAA-20,Brasil,TOCANTINS,ALMAS,Cerrado,71,0.0,1.0,-11.51346,-47.39113,2.2
2024/08/01 04:57:00,NOAA-20,Brasil,TOCANTINS,CONCEIÇÃO DO TOCANTINS,Cerrado,100,0.0,1.0,-12.35145,-47.45512,1.0
2024/08/01 04:57:00,NOAA-20,Brasil,TOCANTINS,CONCEIÇÃO DO TOCANTINS,Cerrado,98,0.0,1.0,-12.35072,-47.46084,3.0
2024/08/01 04:57:00,NOAA-20,Brasil,TOCANTINS,CONCEIÇÃO DO TOCANTINS,Cerrado,102,0.0,1.0,-12.34151,-47.45399,2.4
2024/08/01 04:57:00,NOAA-20,Brasil,TOCANTINS,CONCEIÇÃO DO TOCANTINS,Cerrado,103,0.0,1.0,-12.33654,-47.45348,2.9
2024/08/01 04:57:00,NOAA-20,Brasil,TOCANTINS,PARANÃ,Cerrado,103,0.0,1.0,-12.28001,-47.64338,2.7
2024/08/01 04:57:00,NOAA-20,Brasil,TOCANTINS,PARANÃ,Cerrado,102,0.0,1.0,-12.27836,-47.63959,2.9
2024/08/01 04:57:00,NOAA-20,Brasil,TOCANTINS,PARANÃ,Cerrado,102,0.0,1.0,-12.27584,-47.6373,2.0
2024/08/01 04:57:00,NOAA-20,Brasil,TOCANTINS,PARANÃ,Cerrado,103,0.0,1.0,-12.27346,-47.639,1.4
2024/08/01 04:57:00,NOAA-20,Brasil,TOCANTINS,PARANÃ,Cerrado,103,0.0,1.0,-12.27095,-47.63671,2.0
2024/08/01 04:57:00,NOAA-20,Brasil,TOCANTINS,PARANÃ,Cerrado,103,0.0,1.0,-12.26925,-47.63285,1.4
2024/08/01 04:57:00,NOAA-20,Brasil,TOCANTINS,PARANÃ,Cerrado,103,0.0,1.0,-12.26857,-47.63839,1.4
2024/08/01 04:57:00,NOAA-20,Brasil,TOCANTINS,PARANÃ,Cerrado,103,0.0,1.0,-12.26605,-47.63611,1.0
2024/08/01 04:57:00,NOAA-20,Brasil,GOIÁS,CAVALCANTE,Cerrado,64,0.0,1.0,-13.52879,-47.64725,1.5
2024/08/01 04:57:00,NOAA-20,Brasil,GOIÁS,CAVALCANTE,Cerrado,64,0.0,1.0,-13.52804,-47.65324,1.4
2024/08/01 04:57:00,NOAA-20,Brasil,GOIÁS,CAVALCANTE,Cerrado,64,0.0,1.0,-13.52734,-47.65885,1.4
2024/08/01 04:57:00,NOAA-20,Brasil,GOIÁS,CAVALCANTE,Cerrado,64,0.0,1.0,-13.52306,-47.65269,1.4
2024/08/01 04:57:00,NOAA-20,Brasil,GOIÁS,CAVALCANTE,Cerrado,63,0.0,1.0,-13.52235,-47.65842,1.4
2024/08/01 04:59:00,NOAA-20,Brasil,GOIÁS,ABADIÂNIA,Cerrado,77,0.0,1.0,-16.22719,-48.47084,6.2
2024/08/01 04:59:00,NOAA-20,Brasil,MINAS GERAIS,PRATA,Cerrado,106,0.0,1.0,-19.39226,-49.07992,3.1
2024/08/01 04:59:00,NOAA-20,Brasil,MINAS GERAIS,PRATA,Cerrado,106,0.0,1.0,-19.3897,-49.07783,3.0
2024/08/01 04:59:00,NOAA-20,Brasil,MINAS GERAIS,TUPACIGUARA,Cerrado,70,0.0,1.0,-18.57904,-48.89797,10.4
2024/08/01 04:59:00,NOAA-20,Brasil,MINAS GERAIS,TUPACIGUARA,Cerrado,66,0.0,1.0,-18.57841,-48.90366,10.4
2024/08/01 04:59:00,NOAA-20,Brasil,MINAS GERAIS,TUPACIGUARA,Cerrado,70,0.0,1.0,-18.57417,-48.89724,11.1
2024/08/01 04:59:00,NOAA-20,Brasil,MINAS GERAIS,TUPACIGUARA,Cerrado,66,0.0,1.0,-18.57353,-48.90292,11.1
2024/08/01 05:01:00,NOAA-20,Brasil,SÃO PAULO,MONTE ALTO,Cerrado,31,0.0,1.0,-21.2387,-48.5047,1.9
2024/08/01 05:01:00,NOAA-20,Brasil,SÃO PAULO,MONTE ALTO,Cerrado,31,0.0,1.0,-21.23835,-48.50806,1.9
2024/08/01 04:55:00,NOAA-20,Brasil,TOCANTINS,TOCANTINÓPOLIS,Cerrado,24,0.0,1.0,-6.19285,-47.60889,1.7
2024/08/01 04:55:00,NOAA-20,Brasil,TOCANTINS,TOCANTINÓPOLIS,Cerrado,24,0.0,1.0,-6.189,-47.6038,1.6
2024/08/01 04:55:00,NOAA-20,Brasil,TOCANTINS,TOCANTINÓPOLIS,Cerrado,24,0.0,1.0,-6.18837,-47.60826,3.8
2024/08/01 04:55:00,NOAA-20,Brasil,TOCANTINS,TOCANTINÓPOLIS,Cerrado,24,0.0,1.0,-6.18773,-47.6127,3.8
2024/08/01 04:55:00,NOAA-20,Brasil,TOCANTINS,TOCANTINÓPOLIS,Cerrado,24,0.0,1.0,-6.18516,-47.59862,1.6
2024/08/01 04:55:00,NOAA-20,Brasil,TOCANTINS,TOCANTINÓPOLIS,Cerrado,24,0.0,1.0,-6.18452,-47.60313,1.6
2024/08/01 04:55:00,NOAA-20,Brasil,MARANHÃO,CAMPESTRE DO MARANHÃO,Cerrado,26,0.0,1.0,-6.14413,-47.22857,1.4
2024/08/01 04:55:00,NOAA-20,Brasil,MARANHÃO,JOÃO LISBOA,Cerrado,41,0.0,1.0,-5.42807,-47.38157,2.2
2024/08/01 04:57:00,NOAA-20,Brasil,TOCANTINS,GOIATINS,Cerrado,83,0.0,1.0,-8.38017,-47.31114,5.0
2024/08/01 04:57:00,NOAA-20,Brasil,TOCANTINS,GOIATINS,Cerrado,82,0.0,1.0,-8.37948,-47.31617,4.8
2024/08/01 04:57:00,NOAA-20,Brasil,TOCANTINS,GOIATINS,Cerrado,84,0.0,1.0,-8.37613,-47.30537,5.0
2024/08/01 04:57:00,NOAA-20,Brasil,TOCANTINS,GOIATINS,Cerrado,78,0.0,1.0,-8.35647,-47.34417,2.2
2024/08/01 04:57:00,NOAA-20,Brasil,TOCANTINS,GOIATINS,Cerrado,77,0.0,1.0,-8.35581,-47.34901,2.2
2024/08/01 04:57:00,NOAA-20,Brasil,TOCANTINS,GOIATINS,Cerrado,79,0.0,1.0,-8.35515,-47.34207,2.1
2024/08/01 04:57:00,NOAA-20,Brasil,TOCANTINS,GOIATINS,Cerrado,78,0.0,1.0,-8.35445,-47.34699,1.3
2024/08/01 04:57:00,NOAA-20,Brasil,TOCANTINS,GOIATINS,Cerrado,77,0.0,1.0,-8.35376,-47.3518,1.3
2024/08/01 04:57:00,NOAA-20,Brasil,TOCANTINS,ITAPIRATINS,Cerrado,94,0.0,1.0,-8.3452,-48.03465,2.6
2024/08/01 04:57:00,NOAA-20,Brasil,TOCANTINS,PEDRO AFONSO,Cerrado,48,0.0,1.0,-9.20803,-47.78545,1.5
2024/08/01 04:57:00,NOAA-20,Brasil,TOCANTINS,BOM JESUS DO TOCANTINS,Cerrado,21,0.0,1.0,-9.04121,-47.81117,3.0
2024/08/01 04:57:00,NOAA-20,Brasil,TOCANTINS,BOM JESUS DO TOCANTINS,Cerrado,21,0.0,1.0,-9.04044,-47.81372,6.5
2024/08/01 04:57:00,NOAA-20,Brasil,TOCANTINS,BOM JESUS DO TOCANTINS,Cerrado,21,0.0,1.0,-9.03658,-47.81064,3.0
2024/08/01 04:57:00,NOAA-20,Brasil,TOCANTINS,BOM JESUS DO TOCANTINS,Cerrado,21,0.0,1.0,-9.03592,-47.81536,3.0
2024/08/01 04:57:00,NOAA-20,Brasil,TOCANTINS,BOM JESUS DO TOCANTINS,Cerrado,21,0.0,1.0,-9.03582,-47.81317,3.0
2024/08/01 04:57:00,NOAA-20,Brasil,TOCANTINS,TUPIRAMA,Cerrado,85,0.0,1.0,-8.90104,-48.31882,3.2
2024/08/01 04:57:00,NOAA-20,Brasil,TOCANTINS,TUPIRAMA,Cerrado,85,0.0,1.0,-8.90043,-48.32321,3.8
2024/08/01 04:57:00,NOAA-20,Brasil,TOCANTINS,BARROLÂNDIA,Cerrado,22,0.0,0.99,-9.84949,-48.82001,2.3
2024/08/01 04:57:00,NOAA-20,Brasil,TOCANTINS,RIO DOS BOIS,Cerrado,87,0.0,1.0,-9.36037,-48.50074,2.5
2024/08/01 04:57:00,NOAA-20,Brasil,TOCANTINS,RIO DOS BOIS,Cerrado,87,0.0,1.0,-9.35975,-48.50512,3.4
2024/08/01 04:57:00,NOAA-20,Brasil,TOCANTINS,RIO DOS BOIS,Cerrado,87,0.0,1.0,-9.35534,-48.50446,1.0
2024/08/01 04:57:00,NOAA-20,Brasil,TOCANTINS,RIO SONO,Cerrado,95,0.0,1.0,-9.79399,-47.38905,0.9
2024/08/01 04:57:00,NOAA-20,Brasil,TOCANTINS,RIO SONO,Cerrado,95,0.0,1.0,-9.7892,-47.38833,0.9
2024/08/01 04:57:00,NOAA-20,Brasil,TOCANTINS,RIO SONO,Cerrado,95,0.0,1.0,-9.51567,-47.7195,1.6
2024/08/01 04:57:00,NOAA-20,Brasil,TOCANTINS,RIO SONO,Cerrado,95,0.0,1.0,-9.515,-47.7245,1.4
2024/08/01 04:57:00,NOAA-20,Brasil,TOCANTINS,MONTE DO CARMO,Cerrado,95,0.0,1.0,-10.75422,-47.94722,1.1
2024/08/01 04:57:00,NOAA-20,Brasil,TOCANTINS,MONTE DO CARMO,Cerrado,95,0.0,1.0,-10.75021,-47.94138,1.1
2024/08/01 04:57:00,NOAA-20,Brasil,TOCANTINS,MONTE DO CARMO,Cerrado,43,0.0,1.0,-10.49015,-48.04465,1.8
2024/08/01 04:57:00,NOAA-20,Brasil,TOCANTINS,MONTE DO CARMO,Cerrado,41,0.0,1.0,-10.48553,-48.04394,10.8
2024/08/01 04:57:00,NOAA-20,Brasil,TOCANTINS,MONTE DO CARMO,Cerrado,41,0.0,1.0,-10.48487,-48.04881,10.8
2024/08/01 04:57:00,NOAA-20,Brasil,TOCANTINS,PEIXE,Cerrado,53,0.0,1.0,-11.66044,-48.58123,2.2
2024/08/01 04:57:00,NOAA-20,Brasil,TOCANTINS,SÃO VALÉRIO,Cerrado,88,0.0,1.0,-11.6453,-48.37961,1.8
2024/08/01 04:57:00,NOAA-20,Brasil,TOCANTINS,IPUEIRAS,Cerrado,64,0.0,1.0,-11.12384,-48.40373,2.4
2024/08/01 04:57:00,NOAA-20,Brasil,TOCANTINS,IPUEIRAS,Cerrado,62,0.0,1.0,-11.1232,-48.40865,2.4
2024/08/01 04:57:00,NOAA-20,Brasil,TOCANTINS,IPUEIRAS,Cerrado,53,0.0,1.0,-11.12088,-48.42637,3.2
2024/08/01 04:57:00,NOAA-20,Brasil,TOCANTINS,IPUEIRAS,Cerrado,48,0.0,1.0,-11.11914,-48.43959,2.9
2024/08/01 04:57:00,NOAA-20,Brasil,TOCANTINS,IPUEIRAS,Cerrado,64,0.0,1.0,-11.11862,-48.40821,2.4
2024/08/01 04:57:00,NOAA-20,Brasil,TOCANTINS,IPUEIRAS,Cerrado,66,0.0,1.0,-11.11824,-48.40524,3.4
2024/08/01 04:57:00,NOAA-20,Brasil,TOCANTINS,IPUEIRAS,Cerrado,63,0.0,1.0,-11.11759,-48.40998,3.4
2024/08/01 04:57:00,NOAA-20,Brasil,TOCANTINS,IPUEIRAS,Cerrado,66,0.0,1.0,-11.1141,-48.40725,5.2
2024/08/01 04:57:00,NOAA-20,Brasil,TOCANTINS,IPUEIRAS,Cerrado,68,0.0,1.0,-11.11373,-48.40432,3.4
2024/08/01 04:57:00,NOAA-20,Brasil,TOCANTINS,IPUEIRAS,Cerrado,64,0.0,1.0,-11.1135,-48.41187,5.7
2024/08/01 04:57:00,NOAA-20,Brasil,TOCANTINS,IPUEIRAS,Cerrado,66,0.0,1.0,-11.11308,-48.40897,3.4
2024/08/01 04:57:00,NOAA-20,Brasil,TOCANTINS,IPUEIRAS,Cerrado,64,0.0,1.0,-11.11244,-48.41362,4.3
2024/08/01 04:57:00,NOAA-20,Brasil,TOCANTINS,IPUEIRAS,Cerrado,69,0.0,1.0,-11.10957,-48.40636,5.2
2024/08/01 04:57:00,NOAA-20,Brasil,TOCANTINS,IPUEIRAS,Cerrado,70,0.0,1.0,-11.1092,-48.40342,1.6
2024/08/01 04:57:00,NOAA-20,Brasil,TOCANTINS,IPUEIRAS,Cerrado,68,0.0,1.0,-11.10856,-48.40813,1.6
2024/08/01 04:57:00,NOAA-20,Brasil,TOCANTINS,SÃO SALVADOR DO TOCANTINS,Cerrado,20,0.0,1.0,-12.45758,-48.44716,2.0
2024/08/01 04:57:00,NOAA-20,Brasil,GOIÁS,PORANGATU,Cerrado,89,0.0,1.0,-13.36296,-49.3172,1.3
2024/08/01 04:59:00,NOAA-20,Brasil,GOIÁS,BARRO ALTO,Cerrado,101,0.0,-999.0,-15.07896,-48.94492,2.6
2024/08/01 04:59:00,NOAA-20,Brasil,GOIÁS,GOIÂNIA,Cerrado,45,0.0,1.0,-16.58693,-49.22087,1.3
2024/08/01 04:59:00,NOAA-20,Brasil,GOIÁS,GOIÂNIA,Cerrado,46,0.0,1.0,-16.58499,-49.22292,1.2
2024/08/01 04:59:00,NOAA-20,Brasil,GOIÁS,URUANA,Cerrado,95,0.0,1.0,-15.57125,-49.67437,5.1
2024/08/01 04:59:00,NOAA-20,Brasil,GOIÁS,URUANA,Cerrado,95,0.0,1.0,-15.57069,-49.67893,5.1
2024/08/01 04:59:00,NOAA-20,Brasil,GOIÁS,URUANA,Cerrado,96,0.0,1.0,-15.56807,-49.67626,7.2
2024/08/01 04:59:00,NOAA-20,Brasil,GOIÁS,URUANA,Cerrado,96,0.0,1.0,-15.56748,-49.68078,7.2
2024/08/01 04:59:00,NOAA-20,Brasil,GOIÁS,URUANA,Cerrado,97,0.0,1.0,-15.56679,-49.67375,6.1
2024/08/01 04:59:00,NOAA-20,Brasil,GOIÁS,URUANA,Cerrado,97,0.0,1.0,-15.56624,-49.67827,6.1
2024/08/01 04:59:00,NOAA-20,Brasil,GOIÁS,BELA VISTA DE GOIÁS,Cerrado,98,0.0,1.0,-16.87682,-49.00874,1.7
2024/08/01 04:59:00,NOAA-20,Brasil,MINAS GERAIS,ITUIUTABA,Cerrado,109,0.0,1.0,-19.18333,-49.51692,14.2
2024/08/01 04:59:00,NOAA-20,Brasil,MINAS GERAIS,ITUIUTABA,Cerrado,109,0.0,1.0,-19.18273,-49.52211,22.3
2024/08/01 04:59:00,NOAA-20,Brasil,MINAS GERAIS,ITUIUTABA,Cerrado,109,0.0,1.0,-19.17859,-49.51641,14.2
2024/08/01 04:59:00,NOAA-20,Brasil,MINAS GERAIS,ITUIUTABA,Cerrado,109,0.0,1.0,-19.17799,-49.52161,22.3
2024/08/01 04:59:00,NOAA-20,Brasil,MINAS GERAIS,ITUIUTABA,Cerrado,109,0.0,1.0,-19.17739,-49.52677,22.3
2024/08/01 04:59:00,NOAA-20,Brasil,GOIÁS,ITUMBIARA,Cerrado,108,0.0,1.0,-18.29011,-49.7573,1.0
2024/08/01 04:59:00,NOAA-20,Brasil,GOIÁS,ITUMBIARA,Cerrado,108,0.0,1.0,-18.28956,-49.72261,0.8
2024/08/01 04:59:00,NOAA-20,Brasil,MINAS GERAIS,CAMPINA VERDE,Cerrado,107,0.0,1.0,-19.57881,-49.95489,2.8
2024/08/01 04:59:00,NOAA-20,Brasil,MINAS GERAIS,CAMPINA VERDE,Cerrado,107,0.0,1.0,-19.57476,-49.94938,2.8
2024/08/01 04:57:00,NOAA-20,Brasil,TOCANTINS,LAGOA DA CONFUSÃO,Cerrado,20,0.0,1.0,-10.76377,-50.12913,0.6
2024/08/01 04:57:00,NOAA-20,Brasil,TOCANTINS,LAGOA DA CONFUSÃO,Cerrado,20,0.0,1.0,-10.76314,-50.12936,0.9
2024/08/01 04:57:00,NOAA-20,Brasil,TOCANTINS,LAGOA DA CONFUSÃO,Cerrado,20,0.0,1.0,-10.71352,-49.95211,1.8
2024/08/01 04:57:00,NOAA-20,Brasil,GOIÁS,NOVA CRIXÁS,Cerrado,68,0.0,1.0,-14.09004,-50.31269,1.4
2024/08/01 04:57:00,NOAA-20,Brasil,GOIÁS,NOVA CRIXÁS,Cerrado,67,0.0,1.0,-14.08584,-50.31218,1.4
2024/08/01 04:59:00,NOAA-20,Brasil,MATO GROSSO,PARANATINGA,Cerrado,64,0.0,1.0,-14.62871,-54.36451,2.2
2024/08/01 04:59:00,NOAA-20,Brasil,MATO GROSSO,PARANATINGA,Cerrado,66,0.0,1.0,-14.62816,-54.36825,2.2
2024/08/01 04:59:00,NOAA-20,Brasil,MATO GROSSO,PARANATINGA,Cerrado,65,0.0,1.0,-14.62135,-54.36719,1.2
2024/08/01 04:59:00,NOAA-20,Brasil,MATO GROSSO,PARANATINGA,Cerrado,57,0.0,1.0,-14.62075,-54.34781,2.9
2024/08/01 04:59:00,NOAA-20,Brasil,MATO GROSSO,PARANATINGA,Cerrado,63,0.0,1.0,-14.6185,-54.36294,1.2
2024/08/01 04:59:00,NOAA-20,Brasil,MATO GROSSO,PARANATINGA,Cerrado,65,0.0,1.0,-14.61795,-54.36666,1.2
2024/08/01 04:59:00,NOAA-20,Brasil,MATO GROSSO,PARANATINGA,Cerrado,28,0.0,1.0,-14.56233,-54.2924,1.2
2024/08/01 04:59:00,NOAA-20,Brasil,MATO GROSSO,PARANATINGA,Cerrado,30,0.0,1.0,-14.56176,-54.29615,1.2
2024/08/01 04:59:00,NOAA-20,Brasil,MATO GROSSO,PARANATINGA,Cerrado,27,0.0,1.0,-14.55892,-54.29183,1.1
2024/08/01 04:59:00,NOAA-20,Brasil,MATO GROSSO,PARANATINGA,Cerrado,19,0.0,1.0,-14.5504,-54.27881,4.4
2024/08/01 04:59:00,NOAA-20,Brasil,MATO GROSSO,CAMPINÁPOLIS,Cerrado,96,0.0,1.0,-14.42804,-53.04642,2.7
2024/08/01 04:59:00,NOAA-20,Brasil,MATO GROSSO,CAMPINÁPOLIS,Cerrado,96,0.0,1.0,-14.42743,-53.05062,0.9
2024/08/01 04:59:00,NOAA-20,Brasil,MATO GROSSO,PARANATINGA,Cerrado,108,0.0,1.0,-13.93613,-53.96502,1.2
2024/08/01 04:59:00,NOAA-20,Brasil,MATO GROSSO,PARANATINGA,Cerrado,108,0.0,1.0,-13.93555,-53.96888,1.2
2024/08/01 04:59:00,NOAA-20,Brasil,MATO GROSSO,PARANATINGA,Cerrado,108,0.0,1.0,-13.93498,-53.97273,0.9
2024/08/01 04:59:00,NOAA-20,Brasil,MATO GROSSO,PARANATINGA,Cerrado,108,0.0,1.0,-13.93326,-53.96065,0.6
2024/08/01 04:59:00,NOAA-20,Brasil,MATO GROSSO,PARANATINGA,Cerrado,108,0.0,1.0,-13.93155,-53.97221,0.9
2024/08/01 04:59:00,NOAA-20,Brasil,MATO GROSSO,PARANATINGA,Cerrado,109,0.0,1.0,-13.93041,-53.95624,2.1
2024/08/01 04:59:00,NOAA-20,Brasil,MATO GROSSO,PARANATINGA,Cerrado,108,0.0,1.0,-13.92813,-53.97167,0.9
2024/08/01 04:59:00,NOAA-20,Brasil,MATO GROSSO,PARANATINGA,Cerrado,108,0.0,1.0,-13.92756,-53.97551,0.9
2024/08/01 04:59:00,NOAA-20,Brasil,MATO GROSSO,PARANATINGA,Cerrado,109,0.0,1.0,-13.92698,-53.95569,2.1
2024/08/01 04:59:00,NOAA-20,Brasil,MATO GROSSO,PARANATINGA,Cerrado,108,0.0,1.0,-13.92527,-53.96724,1.3
2024/08/01 04:59:00,NOAA-20,Brasil,MATO GROSSO,PARANATINGA,Cerrado,108,0.0,1.0,-13.92471,-53.97107,0.9
2024/08/01 04:59:00,NOAA-20,Brasil,MATO GROSSO,PARANATINGA,Cerrado,108,0.0,1.0,-13.92185,-53.96663,0.6
2024/08/01 04:59:00,NOAA-20,Brasil,MATO GROSSO,PARANATINGA,Cerrado,109,0.0,1.0,-13.91899,-53.96222,0.6
2024/08/01 04:59:00,NOAA-20,Brasil,MATO GROSSO,PARANATINGA,Cerrado,109,0.0,1.0,-13.91783,-53.94635,0.8
2024/08/01 04:59:00,NOAA-20,Brasil,MATO GROSSO,POXORÉU,Cerrado,76,0.0,1.0,-15.86209,-54.39399,1.6
2024/08/01 04:59:00,NOAA-20,Brasil,MATO GROSSO,POXORÉU,Cerrado,76,0.0,1.0,-15.85866,-54.3934,1.4
2024/08/01 04:59:00,NOAA-20,Brasil,MATO GROSSO,POXORÉU,Cerrado,102,0.0,1.0,-15.31838,-53.92686,1.8
2024/08/01 04:59:00,NOAA-20,Brasil,MATO GROSSO,POXORÉU,Cerrado,102,0.0,1.0,-15.31781,-53.93081,0.7
2024/08/01 04:59:00,NOAA-20,Brasil,MATO GROSSO,ALTO GARÇAS,Cerrado,97,0.0,1.0,-16.87078,-53.8926,0.8
2024/08/01 04:59:00,NOAA-20,Brasil,MATO GROSSO,ALTO GARÇAS,Cerrado,97,0.0,1.0,-16.87019,-53.89671,0.8
2024/08/01 05:01:00,NOAA-20,Brasil,MATO GROSSO DO SUL,PORTO MURTINHO,Cerrado,19,0.0,1.0,-20.76944,-56.89453,5.0
2024/08/01 04:59:00,NOAA-20,Brasil,MATO GROSSO,PLANALTO DA SERRA,Cerrado,94,0.0,1.0,-14.45042,-54.85226,1.1
2024/08/01 04:59:00,NOAA-20,Brasil,MATO GROSSO,PLANALTO DA SERRA,Cerrado,94,0.0,1.0,-14.44371,-54.85118,2.4
2024/08/01 04:59:00,NOAA-20,Brasil,MATO GROSSO,PLANALTO DA SERRA,Cerrado,94,0.0,1.0,-14.44316,-54.85483,2.4
2024/08/01 04:59:00,NOAA-20,Brasil,MATO GROSSO,PLANALTO DA SERRA,Cerrado,95,0.0,1.0,-14.44261,-54.85847,1.4
2024/08/01 04:59:00,NOAA-20,Brasil,MATO GROSSO,PLANALTO DA SERRA,Cerrado,95,0.0,1.0,-14.437,-54.85011,1.6
2024/08/01 04:59:00,NOAA-20,Brasil,MATO GROSSO,PLANALTO DA SERRA,Cerrado,95,0.0,1.0,-14.43645,-54.85376,1.6
2024/08/01 04:59:00,NOAA-20,Brasil,MATO GROSSO,PLANALTO DA SERRA,Cerrado,95,0.0,1.0,-14.43589,-54.8574,1.2
2024/08/01 04:59:00,NOAA-20,Brasil,MATO GROSSO,PLANALTO DA SERRA,Cerrado,96,0.0,1.0,-14.42918,-54.85634,1.7
2024/08/01 04:59:00,NOAA-20,Brasil,MATO GROSSO,PLANALTO DA SERRA,Cerrado,96,0.0,1.0,-14.42583,-54.8558,0.5
2024/08/01 04:59:00,NOAA-20,Brasil,MATO GROSSO,PLANALTO DA SERRA,Cerrado,96,0.0,1.0,-14.42528,-54.85944,0.5
2024/08/01 04:59:00,NOAA-20,Brasil,MATO GROSSO,PLANALTO DA SERRA,Cerrado,97,0.0,1.0,-14.42362,-54.87039,1.8
2024/08/01 04:59:00,NOAA-20,Brasil,MATO GROSSO,PLANALTO DA SERRA,Cerrado,96,0.0,1.0,-14.42247,-54.85526,0.5
2024/08/01 04:59:00,NOAA-20,Brasil,MATO GROSSO,PLANALTO DA SERRA,Cerrado,97,0.0,1.0,-14.42027,-54.86986,1.8
2024/08/01 04:59:00,NOAA-20,Brasil,MATO GROSSO,PLANALTO DA SERRA,Cerrado,96,0.0,1.0,-14.41631,-54.85054,5.7
2024/08/01 04:59:00,NOAA-20,Brasil,MATO GROSSO,PLANALTO DA SERRA,Cerrado,96,0.0,1.0,-14.41576,-54.85419,8.7
2024/08/01 04:59:00,NOAA-20,Brasil,MATO GROSSO,PLANALTO DA SERRA,Cerrado,97,0.0,1.0,-14.41521,-54.85783,8.7
2024/08/01 04:59:00,NOAA-20,Brasil,MATO GROSSO,PLANALTO DA SERRA,Cerrado,97,0.0,1.0,-14.41241,-54.85365,7.8
2024/08/01 04:59:00,NOAA-20,Brasil,MATO GROSSO,PLANALTO DA SERRA,Cerrado,97,0.0,1.0,-14.41186,-54.8573,7.8
2024/08/01 04:59:00,NOAA-20,Brasil,MATO GROSSO,PLANALTO DA SERRA,Cerrado,97,0.0,1.0,-14.41015,-54.84581,1.1
2024/08/01 04:59:00,NOAA-20,Brasil,MATO GROSSO,PLANALTO DA SERRA,Cerrado,97,0.0,1.0,-14.4096,-54.84946,1.1
2024/08/01 04:59:00,NOAA-20,Brasil,MATO GROSSO,PLANALTO DA SERRA,Cerrado,97,0.0,1.0,-14.40905,-54.85311,7.8
2024/08/01 04:59:00,NOAA-20,Brasil,MATO GROSSO,PLANALTO DA SERRA,Cerrado,97,0.0,1.0,-14.4085,-54.85676,7.8
2024/08/01 05:01:00,NOAA-20,Brasil,MATO GROSSO DO SUL,PORTO MURTINHO,Cerrado,3,0.0,0.99,-20.87677,-56.94653,3.6
2024/08/01 04:59:00,NOAA-20,Brasil,MATO GROSSO,PLANALTO DA SERRA,Cerrado,97,0.0,1.0,-14.40828,-54.8459,0.6
2024/08/01 04:59:00,NOAA-20,Brasil,MATO GROSSO,PLANALTO DA SERRA,Cerrado,98,0.0,1.0,-14.39934,-54.8594,3.2
2024/08/01 04:59:00,NOAA-20,Brasil,MATO GROSSO,PLANALTO DA SERRA,Cerrado,98,0.0,1.0,-14.39654,-54.85522,1.8
2024/08/01 04:59:00,NOAA-20,Brasil,MATO GROSSO,PLANALTO DA SERRA,Cerrado,98,0.0,1.0,-14.39599,-54.85886,3.2
2024/08/01 04:59:00,NOAA-20,Brasil,MATO GROSSO,CUIABÁ,Cerrado,69,0.0,1.0,-15.50442,-55.8569,2.7
2024/08/01 04:59:00,NOAA-20,Brasil,MATO GROSSO,CUIABÁ,Cerrado,70,0.0,1.0,-15.49999,-55.86353,2.5
2024/08/01 04:59:00,NOAA-20,Brasil,MATO GROSSO,CUIABÁ,Cerrado,69,0.0,1.0,-15.47786,-55.85261,2.6
2024/08/01 04:59:00,NOAA-20,Brasil,MATO GROSSO,CUIABÁ,Cerrado,100,0.0,1.0,-15.28856,-56.04511,0.5
2024/08/01 04:59:00,NOAA-20,Brasil,MATO GROSSO,CUIABÁ,Cerrado,100,0.0,1.0,-15.28193,-56.04401,0.8
2024/08/01 04:59:00,NOAA-20,Brasil,MATO GROSSO,CUIABÁ,Cerrado,101,0.0,1.0,-15.28138,-56.04758,1.7
2024/08/01 04:59:00,NOAA-20,Brasil,MATO GROSSO,CUIABÁ,Cerrado,101,0.0,1.0,-15.27806,-56.04703,1.7
